city,pm25,co,no2,aqi
Galle,144.4,0.82,118.06,121.4
Galle,15.16,3.48,92.16,96.0
Galle,8.6,3.88,125.7,83.5
Colombo,113.06,2.49,6.02,110.0
Colombo,55.97,2.49,25.23,77.5
Kandy,20.86,2.51,60.46,54.5
Colombo,13.13,2.47,29.73,55.1
Galle,124.57,2.48,125.81,138.6
Galle,164.13,1.11,101.07,143.7
Kandy,104.35,0.22,127.13,89.4
Kandy,74.15,3.71,110.45,130.6
Colombo,173.21,3.39,113.36,173.3
Galle,150.03,1.49,45.74,115.3
Galle,33.92,0.16,66.39,45.0
Colombo,39.78,0.12,123.24,79.4
Colombo,111.04,3.71,99.41,158.5
Galle,153.76,1.85,18.83,135.9
Colombo,132.68,2.59,133.65,150.1
Colombo,72.01,3.89,128.09,129.4
Kandy,91.41,2.14,66.99,111.5
Kandy,81.88,0.89,134.89,122.6
Kandy,29.38,2.46,83.28,67.7
Colombo,45.04,0.4,47.01,62.6
Kandy,84.89,0.95,65.39,96.0
Kandy,99.38,3.25,134.93,134.7
Colombo,118.35,0.1,56.12,98.6
Galle,6.22,2.09,65.52,47.0
Galle,34.45,0.95,85.92,56.3
Colombo,16.36,1.09,40.8,56.8
Colombo,54.85,0.24,93.39,82.2
Kandy,76.93,0.23,55.04,82.1
Colombo,90.65,3.94,40.1,135.3
Galle,138.28,1.03,110.59,139.2
Kandy,74.79,3.28,120.76,111.3
Colombo,61.14,0.83,10.91,78.0
Galle,129.45,3.26,55.56,142.6
Galle,35.51,2.79,61.08,68.8
Galle,99.75,2.81,38.14,105.6
Kandy,176.88,2.11,42.82,158.2
Galle,64.33,1.46,110.26,89.9
Galle,154.86,1.68,133.73,156.7
Kandy,6.61,0.5,101.21,52.0
Colombo,54.69,1.29,75.41,83.4
Colombo,8.16,2.03,30.93,51.8
Galle,131.16,1.3,83.67,138.4
Kandy,47.7,3.89,62.0,100.0
Kandy,163.57,1.79,55.76,152.5
Colombo,39.17,2.92,45.71,94.3
Galle,139.5,0.27,149.21,115.0
Kandy,69.78,0.16,139.61,84.7
Colombo,101.73,2.33,147.15,139.1
Galle,51.98,1.99,59.04,71.1
Kandy,168.83,2.81,87.66,166.8
Kandy,67.76,1.09,47.82,67.2
Kandy,134.63,2.82,106.86,138.3
Galle,78.46,1.1,93.67,81.2
Kandy,5.91,2.55,33.17,49.1
Kandy,160.75,1.42,59.46,130.8
Kandy,81.73,2.72,52.58,104.0
Colombo,11.54,3.31,57.23,77.1
Colombo,96.39,3.1,36.29,113.3
Colombo,39.02,1.7,106.43,87.2
Colombo,174.67,2.89,10.95,146.7
Kandy,18.73,0.2,144.58,41.8
Galle,79.96,2.79,13.44,88.8
Kandy,21.43,0.81,140.52,72.4
Colombo,172.1,2.98,85.38,164.7
Kandy,67.3,3.06,7.09,101.6
Kandy,21.06,0.47,50.15,34.4
Kandy,80.92,1.65,94.3,108.8
Colombo,160.17,1.12,7.22,126.3
Colombo,124.69,2.5,141.86,161.4
Kandy,9.64,2.38,141.33,62.6
Colombo,85.19,2.23,141.51,138.5
Galle,148.57,2.64,34.97,127.5
Kandy,8.19,0.47,104.04,38.9
Colombo,119.75,1.6,103.83,122.1
Galle,25.68,2.82,96.2,71.7
Colombo,11.86,1.73,145.3,61.5
Galle,178.34,1.71,58.94,158.4
Galle,106.6,3.48,86.47,138.5
Galle,137.05,0.5,135.87,118.3
Kandy,91.9,1.62,48.16,97.7
Galle,171.36,2.34,96.62,159.0
Colombo,21.05,2.45,85.29,75.6
Colombo,91.52,0.32,84.68,97.0
Colombo,133.98,2.23,107.35,149.7
Kandy,19.72,2.83,15.55,58.4
Kandy,161.08,0.67,79.43,136.1
Colombo,69.86,3.27,142.35,120.1
Colombo,108.58,1.47,107.69,105.9
Galle,79.24,3.63,21.12,98.6
Galle,49.39,1.68,87.86,83.6
Galle,118.61,3.01,89.59,140.8
Kandy,75.04,1.96,17.02,60.3
Kandy,7.13,3.88,11.26,70.8
Colombo,12.6,3.71,138.27,108.3
Colombo,96.54,2.55,105.88,121.5
Galle,179.27,2.82,60.71,164.5
Kandy,171.32,3.57,71.07,173.1
Colombo,53.54,0.83,72.24,83.4
Colombo,175.52,3.95,106.23,179.7
Colombo,53.96,1.7,92.4,85.8
Galle,148.94,3.8,110.23,164.3
Galle,165.86,0.42,132.12,132.8
Colombo,141.08,1.97,147.87,161.8
Galle,108.97,1.59,145.64,128.0
Kandy,11.44,0.62,6.98,26.3
Galle,156.33,3.27,149.96,175.6
Colombo,132.07,3.05,59.79,146.2
Colombo,83.85,0.6,143.34,97.4
Colombo,137.47,0.28,43.96,116.2
Galle,122.53,2.13,116.99,142.7
Kandy,174.4,0.44,119.81,148.5
Colombo,28.45,0.21,114.49,75.2
Galle,163.05,2.51,147.17,176.7
Kandy,108.24,1.63,68.43,107.5
Kandy,83.91,3.65,48.2,119.9
Kandy,155.91,3.8,26.33,153.6
Colombo,176.51,2.02,52.67,164.7
Galle,106.44,1.43,82.9,125.5
Galle,29.29,2.6,31.37,52.8
Colombo,161.94,1.95,101.8,157.4
Galle,148.81,1.45,55.4,121.7
Kandy,20.52,0.57,71.81,40.7
Kandy,62.77,1.35,18.38,56.9
Galle,114.88,0.42,131.67,118.7
Colombo,109.52,3.95,82.81,143.8
Kandy,46.32,3.06,82.03,91.0
Galle,49.18,2.88,134.8,103.8
Kandy,136.18,0.22,130.75,115.7
Colombo,134.05,0.81,86.77,113.6
Colombo,42.0,1.38,22.37,64.1
Kandy,143.1,2.04,17.6,130.1
Galle,133.94,2.28,90.05,119.1
Colombo,68.54,2.62,87.76,118.0
Galle,177.64,2.46,39.4,145.8
Galle,20.38,3.24,13.07,55.5
Colombo,19.04,2.15,64.51,71.4
Galle,147.99,1.11,29.78,113.8
Galle,148.65,2.9,82.58,159.6
Colombo,37.73,1.36,66.69,70.0
Colombo,133.84,2.17,107.55,146.5
Kandy,32.01,1.98,82.23,72.6
Colombo,69.62,1.87,84.55,89.2
Kandy,20.38,0.64,5.39,31.1
Colombo,109.24,1.94,64.72,124.6
Kandy,135.55,1.69,140.28,143.1
Galle,169.21,0.81,14.64,123.8
Colombo,29.46,3.2,34.24,92.3
Kandy,149.4,0.83,39.18,123.3
Colombo,158.51,1.63,123.41,162.5
Galle,129.91,3.61,95.49,131.5
Colombo,45.64,3.61,60.66,112.9
Kandy,16.66,0.99,83.71,35.9
Galle,63.61,0.64,120.13,74.8
Colombo,91.7,2.99,88.11,135.7
Colombo,10.87,2.32,115.56,84.0
Galle,137.06,0.5,82.79,107.7
Galle,144.53,0.68,38.24,91.9
Colombo,131.01,2.6,105.62,138.2
Colombo,149.69,3.84,54.67,166.8
Kandy,75.15,1.9,142.36,113.7
Kandy,22.64,1.1,110.28,53.3
Galle,168.12,2.3,106.01,161.8
Kandy,139.97,1.56,14.99,118.0
Galle,133.88,3.74,139.21,157.1
Colombo,33.97,0.83,126.44,75.9
Colombo,157.23,2.12,90.73,152.8
Colombo,40.98,3.17,92.54,99.7
Galle,74.68,2.2,138.38,100.4
Kandy,165.73,2.39,9.76,128.2
Galle,29.65,0.79,77.26,58.0
Colombo,141.59,1.18,36.91,122.1
Kandy,121.12,0.79,144.36,124.1
Galle,179.45,2.06,91.33,151.4
Colombo,74.53,1.76,120.97,107.6
Colombo,11.4,1.94,86.9,49.9
Kandy,56.46,2.88,81.51,84.6
Kandy,102.94,0.71,31.38,108.4
Colombo,18.21,3.04,44.48,74.0
Colombo,9.44,0.71,108.82,64.0
Colombo,76.4,2.25,41.81,98.5
Kandy,64.37,2.32,133.68,96.6
Galle,131.14,3.24,148.37,169.7
Colombo,29.69,1.68,51.98,69.4
Kandy,7.28,0.43,35.14,13.0
Kandy,164.36,2.54,53.7,164.6
Galle,71.45,2.4,43.87,77.4
Kandy,68.48,3.46,36.83,113.8
Kandy,138.63,0.65,130.93,139.4
Colombo,89.84,2.1,112.54,122.0
Kandy,115.86,1.11,25.21,86.8
Galle,124.56,3.31,81.8,140.7
Kandy,105.89,1.17,85.36,115.1
Galle,23.65,0.65,43.23,41.5
Galle,157.93,2.43,92.07,143.9
Colombo,151.67,1.68,116.78,159.4
Kandy,13.22,0.75,112.01,54.4
Kandy,16.94,3.36,68.39,69.6
Colombo,131.27,2.48,142.65,163.3
Kandy,133.2,0.94,9.52,100.6
Galle,109.14,0.3,76.97,79.8
Kandy,87.99,1.44,55.97,100.0
Colombo,91.71,2.78,68.05,126.1
Colombo,5.41,3.87,5.76,61.7
Galle,60.05,3.25,144.5,121.5
Colombo,37.4,2.21,131.58,105.0
Galle,146.15,2.67,105.38,147.4
Colombo,118.17,2.8,12.48,127.7
Kandy,11.9,2.85,139.16,86.3
Kandy,59.75,0.57,111.0,68.2
Galle,166.77,3.89,141.92,196.2
Galle,84.65,2.14,98.46,105.4
Kandy,109.35,1.0,22.48,93.0
Kandy,131.83,0.35,50.72,100.2
Colombo,99.22,2.68,111.99,113.5
Kandy,78.06,1.9,148.6,120.6
Galle,158.07,2.16,141.16,170.9
Colombo,11.58,1.97,89.21,62.4
Galle,74.7,0.46,53.77,82.7
Colombo,24.33,1.48,46.65,60.4
Kandy,45.88,0.26,7.59,40.3
Colombo,73.54,0.59,143.68,103.9
Colombo,142.61,0.45,65.55,140.8
Colombo,135.09,0.35,63.23,110.8
Colombo,118.69,2.47,79.34,130.6
Kandy,11.43,3.83,124.8,87.8
Colombo,15.12,3.88,133.15,100.9
Kandy,90.96,3.99,135.13,134.8
Galle,44.28,0.97,82.86,76.3
Kandy,85.05,1.63,44.58,104.0
Colombo,160.53,3.83,130.01,194.1
Colombo,133.66,1.2,41.63,128.6
Kandy,50.46,2.92,76.9,88.4
Colombo,15.77,3.54,79.83,88.7
Galle,149.32,1.46,103.31,124.8
Kandy,96.22,3.49,40.57,121.4
Galle,156.78,2.86,126.37,173.5
Galle,127.32,0.84,132.84,134.0
Colombo,157.57,0.21,124.74,140.3
Kandy,164.02,0.1,85.65,122.4
Colombo,93.81,0.12,46.62,86.0
Colombo,25.27,1.57,6.32,50.9
Colombo,141.47,0.52,115.35,139.2
Galle,73.63,0.8,114.29,87.7
Kandy,169.01,2.78,14.84,155.1
Kandy,129.0,1.95,13.4,103.9
Galle,154.17,3.96,103.03,187.0
Colombo,72.13,0.36,124.12,87.7
Galle,90.51,3.1,104.08,109.0
Colombo,170.25,0.5,128.86,152.1
Galle,144.09,2.81,37.01,136.3
Kandy,27.98,3.49,144.67,98.3
Colombo,170.13,1.74,97.59,150.1
Galle,59.59,1.35,110.04,78.9
Kandy,42.29,0.22,99.49,68.5
Galle,174.43,0.82,130.95,149.5
Colombo,31.89,1.87,81.9,81.2
Kandy,112.91,3.21,74.82,130.9
Kandy,109.71,2.47,40.89,101.8
Galle,119.02,1.37,90.59,118.0
Galle,177.26,0.68,72.37,130.2
Galle,110.0,1.24,105.77,125.2
Colombo,171.71,3.64,110.02,184.3
Colombo,104.91,0.17,74.94,102.2
Colombo,102.94,0.14,52.34,84.5
Colombo,19.44,3.32,56.88,81.0
Galle,28.23,2.31,104.97,71.4
Galle,122.32,3.81,23.01,134.5
Galle,10.53,3.75,12.54,74.0
Kandy,114.43,3.16,93.78,140.8
Galle,19.02,3.59,84.4,79.0
Galle,12.13,0.74,68.6,48.8
Kandy,15.56,1.06,28.13,34.6
Galle,87.28,3.0,131.42,129.6
Colombo,120.27,2.04,85.53,125.6
Colombo,91.32,0.42,63.47,96.7
Colombo,17.63,0.22,42.36,47.5
Galle,77.78,3.4,96.17,115.6
Kandy,177.84,0.26,130.72,138.0
Colombo,74.22,2.46,91.67,128.0
Kandy,119.63,3.97,46.16,128.7
Kandy,115.52,2.96,24.08,106.5
Kandy,36.44,1.03,145.85,81.2
Colombo,81.5,0.48,63.73,83.3
Kandy,95.09,1.5,90.98,102.9
Colombo,74.83,3.45,6.31,93.9
Colombo,140.36,0.61,145.62,130.5
Galle,82.35,1.39,70.07,86.4
Kandy,30.51,1.85,90.24,60.7
Galle,133.87,2.69,73.82,123.9
Colombo,128.44,1.84,130.31,159.4
Kandy,177.67,0.58,38.51,149.6
Kandy,11.89,0.58,70.57,38.2
Colombo,107.32,2.78,62.62,132.0
Kandy,173.9,0.12,143.01,156.9
Galle,49.49,2.13,54.68,76.8
Kandy,29.44,0.22,49.65,33.2
Galle,33.42,0.83,110.97,68.0
Colombo,82.66,3.49,30.69,121.1
Kandy,70.5,0.17,40.4,66.4
Kandy,157.06,2.33,9.41,134.1
Colombo,110.11,3.77,124.89,161.1
Colombo,106.01,1.46,28.1,90.2
Colombo,76.21,3.5,118.45,139.7
Colombo,55.52,0.53,99.32,86.7
Colombo,144.62,1.8,123.59,153.1
Kandy,100.29,0.12,52.06,72.4
Colombo,71.57,2.24,91.49,94.5
Colombo,82.77,0.16,90.12,92.7
Kandy,86.11,1.58,130.18,102.8
Kandy,88.86,0.2,54.48,66.2
Colombo,48.06,1.96,62.18,69.7
Galle,147.27,2.9,143.55,162.0
Galle,71.51,0.87,74.48,80.1
Galle,22.75,1.99,42.23,45.2
Galle,98.15,2.37,18.0,87.9
Kandy,130.33,1.16,64.96,115.3
Galle,155.4,3.22,31.76,143.5
Galle,23.7,2.31,42.2,57.4
Galle,147.76,1.56,81.34,137.1
Galle,171.5,2.45,123.78,165.9
Colombo,118.16,0.78,57.31,112.8
Kandy,162.5,1.48,39.35,127.3
Galle,153.96,2.72,122.38,167.8
Galle,114.18,1.86,90.06,122.6
Kandy,87.76,2.19,30.87,88.7
Colombo,117.35,2.47,84.27,131.6
Colombo,15.23,0.65,44.81,32.2
Galle,126.65,1.68,67.09,125.7
Galle,64.69,3.29,92.47,115.3
Kandy,106.22,1.17,16.52,85.2
Galle,65.12,2.51,69.15,83.3
Kandy,122.18,0.37,97.82,115.3
Galle,98.27,1.36,53.29,81.2
Kandy,14.16,1.58,57.63,49.7
Kandy,103.4,3.83,30.42,124.6
Galle,137.1,0.76,64.37,122.5
Colombo,57.65,3.93,73.86,112.8
Kandy,46.06,1.66,27.1,72.0
Colombo,21.26,1.1,119.25,71.9
Colombo,111.49,2.08,28.1,108.4
Colombo,20.34,3.75,85.3,84.2
Galle,149.43,1.19,141.65,147.3
Colombo,73.43,2.05,62.59,110.6
Kandy,148.05,1.58,132.31,151.1
Galle,58.32,0.42,63.43,63.4
Kandy,31.91,0.97,143.81,80.5
Kandy,28.19,3.46,138.8,102.1
Kandy,29.36,3.6,125.25,102.5
Kandy,30.62,1.53,14.88,47.6
Kandy,93.57,1.01,16.59,77.1
Colombo,168.88,3.52,45.27,172.3
Galle,117.14,0.94,94.84,102.6
Galle,103.78,0.85,35.7,89.7
Kandy,179.1,0.33,105.78,140.9
Colombo,94.15,3.99,123.03,147.7
Galle,43.64,0.78,100.08,69.3
Colombo,160.16,1.85,33.22,147.5
Galle,96.96,1.98,30.65,97.9
Galle,77.83,1.98,7.78,76.6
Galle,106.88,2.76,32.51,98.1
Kandy,47.21,3.91,121.22,121.8
Colombo,12.46,1.55,43.55,51.9
Galle,31.12,0.6,130.38,81.2
Kandy,88.3,1.57,62.2,107.1
Colombo,28.3,0.5,100.51,61.4
Colombo,125.42,1.81,41.93,121.7
Galle,91.7,1.61,70.27,104.2
Colombo,112.44,0.36,80.17,110.5
Colombo,82.57,0.29,10.51,65.2
Galle,130.36,0.38,15.33,85.2
Kandy,178.53,3.89,141.64,207.5
Galle,37.41,0.78,19.27,51.1
Kandy,8.67,0.42,145.34,60.3
Galle,141.93,0.99,146.52,131.8
Colombo,117.68,2.17,11.08,107.4
Kandy,61.39,0.59,73.78,70.0
Galle,96.13,2.5,27.71,91.5
Kandy,64.2,3.72,37.57,92.2
Kandy,112.26,3.78,39.9,114.9
Colombo,123.3,2.03,6.84,121.1
Colombo,100.2,2.58,37.05,112.5
Kandy,152.35,2.94,117.58,155.8
Kandy,136.81,1.15,83.24,128.7
Colombo,33.84,0.61,110.27,66.0
Galle,31.37,1.44,64.95,62.0
Colombo,108.31,2.08,48.14,131.5
Galle,106.01,3.52,67.9,132.8
Kandy,102.66,3.27,112.55,134.1
Galle,75.26,3.22,34.59,102.3
Kandy,134.91,3.28,94.17,143.9
Colombo,101.99,0.12,115.34,118.4
Kandy,150.72,0.14,113.68,134.8
Galle,152.34,1.93,77.8,148.0
Kandy,69.45,1.85,109.7,101.1
Colombo,121.03,0.11,30.86,104.1
Kandy,113.43,1.49,120.16,125.4
Colombo,117.41,0.35,89.1,105.3
Galle,128.02,0.31,75.56,117.2
Galle,92.19,0.4,13.49,81.0
Colombo,135.54,3.93,35.43,153.0
Colombo,30.8,1.38,67.93,77.5
Kandy,70.0,0.34,121.2,90.6
Kandy,117.45,1.74,97.25,130.8
Galle,25.71,1.7,126.77,82.1
Colombo,37.28,1.51,53.5,53.4
Colombo,127.54,2.38,90.04,146.1
Galle,169.62,1.11,67.3,138.5
Galle,70.96,1.9,74.73,94.6
Kandy,115.45,0.29,136.07,114.0
Galle,81.45,2.95,116.0,121.0
Colombo,136.49,2.66,143.71,156.0
Kandy,54.48,0.27,10.26,38.9
Kandy,48.67,1.16,115.11,72.3
Kandy,152.84,1.15,27.68,128.8
Colombo,98.17,1.7,55.36,124.5
Galle,46.44,2.96,84.51,98.7
Kandy,132.89,3.93,42.2,142.4
Galle,131.9,0.85,54.05,110.3
Colombo,37.03,0.19,109.4,65.7
Galle,48.92,3.42,86.38,88.8
Kandy,75.7,2.22,119.8,110.5
Colombo,100.12,0.42,71.45,87.8
Kandy,121.23,0.94,19.15,96.4
Galle,118.92,2.23,14.03,117.8
Kandy,176.16,3.2,77.1,171.8
Galle,157.62,2.22,114.97,157.9
Kandy,46.79,1.86,147.82,88.6
Kandy,102.65,2.25,18.65,91.0
Kandy,92.12,0.51,100.23,87.1
Colombo,74.54,0.46,68.96,78.3
Colombo,106.08,2.57,120.7,135.6
Galle,39.27,3.6,80.43,108.0
Kandy,60.43,3.44,136.39,105.0
Kandy,34.55,2.08,91.73,75.8
Galle,59.8,3.21,145.32,113.2
Galle,159.42,3.23,78.25,158.4
Galle,26.43,2.93,51.84,72.6
Kandy,176.46,2.66,23.82,146.9
Colombo,149.02,0.92,59.96,132.6
Galle,37.8,3.45,123.76,114.4
Colombo,87.45,3.3,71.59,127.8
Colombo,49.51,3.3,132.57,104.4
Kandy,22.61,1.04,25.59,41.7
Colombo,134.44,0.85,94.0,144.9
Colombo,152.25,1.94,146.97,153.4
Galle,10.45,2.98,20.42,44.8
Colombo,151.48,1.19,98.22,148.7
Kandy,94.71,1.29,35.83,93.4
Colombo,139.06,3.17,101.42,163.3
Kandy,118.88,3.51,5.03,119.7
Kandy,85.56,3.47,84.26,113.0
Galle,77.23,3.23,74.47,108.3
Kandy,165.66,1.19,129.46,151.6
Galle,175.24,3.32,106.4,184.6
Galle,98.22,2.58,70.23,128.9
Kandy,26.04,0.37,43.18,39.5
Colombo,149.29,0.39,37.82,114.1
Kandy,135.06,0.29,135.92,129.9
Kandy,64.57,3.96,95.8,125.4
Colombo,151.68,1.21,67.23,144.2
Colombo,96.25,0.35,125.55,102.8
Galle,90.47,2.98,81.16,106.3
Galle,161.19,1.83,93.03,146.0
Galle,82.92,3.18,97.74,110.8
Kandy,142.68,3.89,43.09,154.1
Kandy,87.76,3.94,44.0,126.2
Kandy,68.32,1.94,11.62,73.5
Galle,53.44,3.89,53.05,85.7
Galle,83.31,1.95,90.68,100.4
Colombo,5.96,0.13,36.76,38.0
Colombo,43.24,1.65,11.44,59.0
Colombo,74.48,0.44,94.47,86.0
Galle,105.59,0.22,102.94,90.3
Kandy,178.74,0.61,44.84,122.8
Colombo,129.96,2.47,49.86,120.2
Colombo,130.73,3.82,109.6,173.2
Colombo,110.66,2.78,21.6,124.4
Kandy,145.06,2.68,18.38,140.9
Colombo,17.43,0.41,56.44,62.1
Galle,77.22,2.62,98.74,109.3
Kandy,116.32,3.66,93.82,152.5
Galle,131.7,0.57,135.86,125.3
Kandy,7.05,1.75,47.78,39.2
Colombo,19.77,1.66,136.97,76.4
Colombo,132.61,2.64,127.61,163.1
Kandy,154.07,1.68,16.25,133.6
Kandy,83.12,3.21,124.25,128.6
Galle,137.89,0.49,134.0,126.4
Galle,94.54,0.75,98.63,92.6
Colombo,160.77,1.45,27.4,136.1
Galle,64.61,0.38,64.4,63.1
Colombo,22.72,3.4,82.01,92.2
Kandy,84.45,2.78,25.38,107.7
Colombo,44.99,3.91,82.13,95.3
Kandy,137.34,1.89,46.94,113.2
Colombo,151.21,1.54,59.35,118.1
Kandy,149.67,3.94,46.82,147.0
Galle,31.53,0.22,145.76,84.1
Colombo,138.33,3.35,68.86,141.0
Kandy,149.69,2.87,30.69,156.1
Colombo,174.12,2.28,55.36,161.3
Galle,29.36,1.83,95.8,48.3
Colombo,133.55,1.27,52.24,121.2
Kandy,85.75,2.95,26.46,105.1
Kandy,44.86,3.86,136.87,121.5
Galle,66.86,1.89,10.51,73.0
Colombo,143.99,1.18,132.18,161.6
Kandy,31.04,1.9,147.24,95.3
Galle,57.93,2.02,80.75,83.7
Kandy,138.31,1.61,79.13,151.8
Galle,161.53,1.88,69.3,139.6
Galle,138.79,2.34,143.63,150.6
Colombo,81.85,3.4,134.5,137.4
Galle,59.58,1.1,9.46,63.4
Kandy,125.35,2.92,105.42,150.9
Kandy,115.7,2.61,123.87,149.5
Kandy,172.55,0.13,149.68,143.6
Kandy,149.98,1.25,7.08,120.5
Colombo,17.08,0.12,140.88,66.1
Colombo,139.07,3.4,93.97,162.5
Kandy,54.06,2.78,8.55,68.9
Galle,66.04,0.53,122.19,81.8
Kandy,18.45,2.05,120.2,78.6
Kandy,13.79,0.38,63.42,28.8
Galle,75.23,1.24,27.09,65.7
Galle,163.57,1.35,74.08,143.0
Colombo,10.89,0.94,65.34,39.2
Colombo,26.51,3.57,77.95,110.7
Kandy,17.56,2.76,40.08,51.4
Kandy,148.94,3.24,85.11,148.2
Galle,131.11,1.67,28.0,111.2
Kandy,28.42,2.56,12.88,52.4
Galle,38.08,3.15,108.68,101.8
Kandy,128.72,0.34,126.7,114.2
Galle,149.68,0.61,86.92,132.8
Kandy,59.84,3.18,134.32,122.4
Galle,20.63,2.78,76.6,68.8
Colombo,167.78,3.39,103.0,178.8
Galle,121.62,3.87,115.35,148.4
Colombo,123.32,3.78,44.0,163.3
Colombo,13.43,1.5,143.74,73.8
Colombo,88.29,0.53,96.99,96.3
Colombo,148.88,3.42,35.74,156.9
Colombo,157.21,2.95,98.92,174.6
Colombo,56.68,0.63,99.49,87.5
Kandy,133.99,3.9,12.57,135.6
Colombo,160.79,1.22,58.33,156.4
Colombo,149.08,3.15,83.85,165.6
Colombo,71.34,1.42,7.8,71.7
Kandy,77.39,2.02,63.62,113.9
Colombo,86.22,3.86,80.26,139.4
Kandy,138.4,1.87,43.75,120.9
Galle,105.69,0.4,60.47,85.6
Colombo,26.04,1.14,7.55,54.0
Kandy,44.07,2.6,87.74,81.7
Galle,121.03,2.24,132.49,141.8
Colombo,111.08,1.24,35.03,120.8
Galle,58.01,0.36,38.09,52.8
Galle,15.45,2.72,89.42,56.1
Colombo,46.85,2.17,99.39,100.7
Kandy,68.99,0.98,33.4,85.3
Kandy,161.81,3.4,50.7,165.8
Galle,122.97,1.11,55.05,106.4
Kandy,55.84,1.93,134.07,95.7
Colombo,167.86,2.04,38.39,151.0
Kandy,77.74,1.28,115.36,102.5
Kandy,18.34,1.17,122.01,62.4
Kandy,100.7,0.8,71.5,104.6
Colombo,13.75,3.39,147.27,102.2
Colombo,97.27,1.63,100.57,120.3
Galle,176.7,2.32,42.63,143.0
Colombo,165.89,0.79,36.02,137.3
Colombo,170.15,3.84,80.61,189.5
Kandy,174.23,1.63,128.86,158.5
Kandy,117.11,2.7,28.59,126.2
Kandy,140.03,2.05,6.75,108.3
Kandy,95.07,3.25,41.8,119.4
Galle,10.1,1.98,101.05,57.2
Galle,165.92,3.97,11.51,149.9
Colombo,89.27,2.58,18.15,90.4
Colombo,142.82,1.08,86.79,132.0
Galle,77.73,3.4,135.82,120.0
Colombo,35.66,3.48,45.96,95.6
Colombo,80.49,2.9,86.68,105.2
Galle,54.44,1.48,134.64,83.0
Galle,153.02,1.66,115.65,134.3
Colombo,56.75,2.42,9.76,82.2
Kandy,17.45,0.37,141.41,37.4
Galle,151.27,1.4,105.57,140.5
Kandy,149.34,2.11,72.18,139.6
Colombo,138.97,0.1,65.4,121.3
Kandy,68.38,2.92,34.08,100.6
Kandy,132.64,3.87,37.52,142.1
Galle,117.11,1.72,115.06,131.5
Colombo,129.71,3.29,31.33,142.0
Kandy,63.97,4.0,63.83,116.0
Kandy,108.36,2.68,16.38,103.2
Galle,136.92,0.18,44.01,86.3
Kandy,89.33,1.51,142.64,116.4
Galle,130.02,3.06,19.86,140.7
Colombo,168.26,3.33,106.1,207.3
Galle,85.8,3.69,105.72,132.5
Colombo,10.4,0.3,25.61,34.6
Kandy,63.73,3.92,129.2,134.0
Galle,81.18,2.24,50.24,100.7
Kandy,33.53,3.17,111.49,91.6
Galle,7.0,2.84,145.69,79.2
Colombo,22.07,2.28,77.66,77.5
Galle,80.18,1.3,74.93,102.2
Colombo,173.26,2.89,143.11,192.7
Colombo,32.52,1.31,47.06,59.6
Kandy,122.72,3.21,41.32,139.3
Galle,163.57,0.15,102.73,146.1
Colombo,101.05,1.22,49.48,112.7
Colombo,80.34,3.52,92.8,116.6
Galle,67.27,0.43,53.35,59.7
Kandy,70.44,3.78,98.05,121.9
Kandy,133.36,0.55,118.24,128.0
Colombo,61.92,3.77,137.64,142.5
Kandy,83.77,3.91,19.95,113.3
Colombo,134.13,2.85,66.3,146.5
Galle,95.95,0.39,92.79,104.1
Kandy,55.31,2.66,145.44,110.4
Galle,109.19,0.77,139.2,113.6
Galle,114.14,2.63,43.77,110.2
Kandy,128.16,1.56,86.73,140.8
Kandy,59.76,1.16,91.66,76.2
Colombo,35.46,0.56,70.12,50.1
Galle,159.52,0.89,90.2,138.0
Kandy,70.37,0.3,95.99,82.8
Colombo,83.79,3.83,62.86,125.7
Colombo,113.02,2.98,36.13,127.4
Galle,80.88,0.46,113.52,104.3
Galle,146.26,3.46,123.5,142.6
Galle,108.15,2.49,97.46,128.8
Kandy,127.65,0.9,99.83,112.5
Kandy,111.18,2.72,16.77,96.6
Galle,151.74,3.24,124.33,166.6
Kandy,74.55,2.1,41.74,94.3
Galle,96.25,0.37,58.81,83.1
Colombo,63.38,3.47,137.71,135.3
Colombo,121.63,3.17,70.88,133.0
Kandy,79.83,1.83,99.15,108.1
Colombo,142.2,1.74,77.51,144.2
Colombo,57.68,2.06,13.15,88.4
Kandy,9.95,0.92,45.75,42.3
Colombo,33.08,0.37,31.92,46.1
Colombo,135.69,2.91,124.84,173.4
Colombo,59.22,1.07,79.68,81.4
Galle,49.6,3.0,16.11,75.6
Kandy,164.91,3.82,52.38,166.8
Kandy,70.37,1.16,38.61,78.9
Kandy,101.84,2.06,33.11,99.8
Kandy,144.03,3.55,54.99,131.8
Galle,111.85,0.73,102.68,98.0
Colombo,131.34,1.6,75.96,144.8
Colombo,130.78,2.96,79.67,145.1
Kandy,99.74,1.45,65.06,106.0
Kandy,67.0,0.51,37.24,66.4
Colombo,42.08,1.31,29.21,56.8
Kandy,43.42,3.84,94.36,96.6
Colombo,77.58,3.04,131.36,124.1
Kandy,35.05,2.05,64.73,83.6
Kandy,105.7,0.19,142.04,108.8
Colombo,64.01,0.66,105.35,103.1
Galle,25.0,3.08,103.44,87.2
Galle,17.08,1.95,86.3,70.9
Colombo,43.83,2.89,132.83,116.5
Colombo,86.38,3.51,34.5,126.2
Galle,54.96,2.17,79.03,80.9
Galle,86.6,0.4,61.23,86.7
Kandy,162.81,0.89,14.71,117.9
Colombo,135.04,3.41,84.11,165.5
Colombo,17.97,1.56,121.55,59.9
Galle,17.25,2.94,93.22,78.9
Galle,69.68,1.91,109.8,107.5
Galle,71.36,3.34,127.14,127.5
Colombo,5.93,3.24,117.06,80.8
Colombo,107.15,3.15,114.0,146.2
Galle,123.56,3.06,7.12,123.0
Galle,34.73,0.86,134.11,62.3
Colombo,32.77,1.11,92.78,82.9
Kandy,106.29,2.57,27.69,106.6
Kandy,77.62,2.88,61.0,94.3
Colombo,42.61,1.76,136.64,98.6
Galle,37.89,0.4,105.94,68.3
Kandy,172.74,1.78,84.65,150.8
Colombo,51.21,3.76,97.27,105.8
Colombo,126.56,0.95,91.32,118.0
Kandy,16.05,3.13,124.14,89.0
Kandy,127.32,1.54,67.69,119.5
Colombo,86.2,1.13,65.21,104.4
Kandy,80.07,0.88,79.56,89.4
Galle,162.67,3.99,124.69,177.8
Kandy,128.7,3.87,124.86,168.1
Galle,168.37,3.23,102.77,170.3
Galle,12.06,1.7,23.86,37.1
Galle,68.07,3.16,87.1,114.2
Galle,7.76,0.17,137.91,35.6
Colombo,138.4,0.25,126.38,141.2
Colombo,156.28,2.39,89.24,175.9
Colombo,116.71,2.96,103.04,148.2
Galle,156.97,1.58,58.87,124.3
Colombo,115.79,1.93,69.24,134.1
Kandy,130.14,2.41,12.74,118.1
Galle,150.75,1.51,130.23,142.0
Galle,127.0,2.63,44.92,125.2
Galle,135.86,3.26,65.0,131.3
Kandy,34.7,0.17,117.97,78.3
Galle,35.0,1.87,70.96,70.9
Kandy,75.33,0.7,88.03,85.7
Kandy,117.45,0.41,112.38,113.0
Colombo,79.08,0.43,92.99,84.2
Galle,159.51,2.67,35.63,146.7
Galle,26.91,0.88,36.35,34.4
Colombo,113.96,3.9,72.43,144.1
Galle,74.29,2.71,134.32,114.1
Colombo,19.89,1.6,15.3,44.7
Kandy,52.0,0.49,29.29,46.8
Colombo,97.73,3.94,29.07,124.9
Colombo,45.69,0.61,42.19,56.4
Colombo,66.9,1.28,146.43,113.9
Kandy,29.0,2.36,78.3,85.4
Kandy,59.55,0.11,30.27,51.4
Galle,58.63,3.31,13.26,91.5
Kandy,85.23,2.93,88.27,125.4
Galle,39.87,0.28,23.32,43.5
Colombo,178.15,3.57,58.86,179.0
Colombo,91.2,1.98,126.54,113.9
Galle,25.48,3.22,22.87,58.9
Kandy,163.08,3.57,123.59,193.1
Kandy,104.35,2.36,76.0,108.1
Galle,168.16,2.99,45.52,158.5
Galle,104.9,0.82,45.4,84.3
Kandy,163.06,2.46,88.61,153.1
Galle,104.97,0.66,59.31,86.4
Galle,64.06,2.94,88.12,110.4
Colombo,35.65,2.72,36.97,81.6
Galle,108.06,3.03,95.4,127.6
Kandy,143.7,2.55,113.79,152.1
Galle,39.91,1.25,39.38,44.3
Galle,12.01,1.24,35.09,38.2
Galle,6.13,3.11,106.86,71.2
Galle,90.27,1.78,91.55,112.7
Colombo,123.02,3.08,11.59,125.7
Colombo,94.35,2.5,137.04,139.9
Galle,114.61,1.19,128.68,151.6
Colombo,151.86,0.73,8.62,104.6
Galle,86.49,3.12,137.67,126.3
Galle,35.36,1.58,121.21,86.9
Galle,119.02,0.92,85.69,104.0
Colombo,104.01,3.72,61.16,138.2
Colombo,54.49,1.73,47.41,90.7
Colombo,173.26,2.7,140.31,192.1
Galle,38.65,1.25,94.84,55.2
Colombo,159.85,2.98,45.23,165.0
Kandy,144.03,1.18,25.63,126.8
Galle,153.67,0.45,148.8,142.4
Kandy,167.51,0.34,18.39,117.4
Galle,31.33,3.88,69.77,74.6
Kandy,15.52,3.63,98.89,85.7
Kandy,36.01,1.25,21.65,58.8
Kandy,130.5,3.44,56.73,140.8
Galle,56.64,1.27,20.52,72.7
Galle,64.87,1.78,125.49,93.1
Kandy,35.34,1.99,21.95,61.2
Kandy,109.31,1.79,28.84,103.3
Colombo,73.27,1.49,11.56,72.4
Galle,104.16,2.66,135.27,134.8
Kandy,103.1,3.78,17.0,125.9
Kandy,105.95,1.91,22.21,94.3
Colombo,107.39,0.98,134.88,130.5
Galle,120.28,2.18,19.97,116.2
Kandy,143.16,3.02,86.38,148.0
Kandy,50.44,3.88,67.53,89.5
Galle,30.25,0.55,8.95,20.0
Colombo,112.44,1.09,88.76,118.7
Kandy,162.11,3.01,16.08,146.5
Kandy,146.0,1.38,35.31,122.5
Colombo,151.05,1.5,137.37,147.6
Colombo,105.88,3.07,118.32,147.1
Galle,58.08,3.74,22.2,91.8
Colombo,110.29,3.75,50.21,142.4
Kandy,33.21,2.66,145.82,110.1
Colombo,44.2,1.03,79.28,77.7
Galle,169.23,2.68,16.14,148.5
Kandy,150.89,3.28,93.72,144.9
Colombo,162.37,3.85,69.4,177.7
Kandy,53.67,0.95,46.76,76.4
Galle,10.1,3.64,27.66,62.4
Kandy,102.48,1.0,77.85,88.8
Galle,50.91,1.32,126.29,82.6
Galle,116.2,2.56,63.47,116.1
Kandy,60.09,0.27,118.24,67.5
Kandy,30.63,3.35,83.34,70.5
Kandy,46.5,0.52,116.38,48.5
Galle,89.7,2.1,49.73,96.7
Kandy,61.91,0.25,44.44,58.5
Colombo,41.91,3.44,123.96,115.8
Galle,170.68,1.66,118.58,157.6
Galle,85.44,1.78,49.15,87.2
Colombo,36.71,2.53,37.29,80.3
Kandy,140.85,0.61,86.99,106.6
Galle,137.52,3.6,17.2,128.3
Colombo,14.17,0.72,53.67,43.8
Kandy,45.92,0.19,126.07,73.3
Colombo,78.43,0.3,10.71,65.4
Colombo,6.7,3.45,111.02,79.3
Kandy,107.96,1.65,146.2,122.6
Kandy,15.83,2.19,87.08,61.0
Galle,101.23,0.3,66.79,89.1
Kandy,33.58,0.96,51.05,49.5
Kandy,21.69,1.86,53.93,55.0
Colombo,19.62,0.92,114.11,66.3
Colombo,132.32,1.99,105.6,139.4
Galle,42.84,0.91,47.98,54.5
Colombo,51.93,1.51,64.23,87.2
Kandy,14.92,0.24,61.83,27.7
Kandy,175.81,1.44,53.91,149.2
Galle,57.03,1.0,64.64,73.4
Colombo,29.69,2.23,20.31,55.5
Colombo,32.36,2.98,57.27,74.9
Kandy,10.25,1.83,78.17,62.8
Galle,34.59,1.47,115.44,90.4
Galle,86.84,2.52,64.62,104.4
Kandy,113.29,2.69,77.6,126.7
Galle,125.59,3.31,85.65,141.8
Galle,7.84,3.29,10.82,44.3
Kandy,143.51,2.45,79.19,137.9
Galle,27.04,3.92,102.71,90.3
Kandy,160.68,3.78,116.05,186.0
Kandy,105.69,1.77,45.01,98.1
Kandy,45.83,2.54,113.33,100.1
Kandy,48.94,2.64,35.79,80.9
Galle,133.48,1.43,74.39,115.3
Kandy,76.99,0.59,9.04,73.1
Galle,115.49,1.76,84.48,120.4
Kandy,56.79,2.69,144.97,123.6
Colombo,17.14,0.45,92.13,69.3
Kandy,145.04,3.47,26.85,150.4
Colombo,162.55,3.19,103.07,182.2
Kandy,106.71,1.09,114.67,107.3
Galle,7.84,2.94,51.91,55.0
Colombo,151.52,0.6,23.31,118.2
Colombo,23.1,1.67,110.7,51.0
Galle,57.29,3.58,6.98,88.7
Kandy,7.26,2.21,128.42,55.7
Galle,149.13,3.61,85.2,155.5
Kandy,111.25,1.62,39.84,113.7
Galle,89.01,0.64,16.75,63.9
Galle,160.98,1.91,51.4,135.9
Colombo,58.51,1.67,102.51,86.6
Galle,68.82,2.98,101.66,116.6
Colombo,49.93,3.24,66.76,105.9
Colombo,54.79,1.83,94.48,102.2
Kandy,45.69,0.98,84.9,54.0
Galle,107.47,2.21,17.47,102.0
Galle,150.67,3.9,73.75,163.7
Kandy,92.17,2.79,41.59,105.7
Kandy,119.27,0.7,146.67,115.8
Galle,68.84,2.6,72.6,96.7
Colombo,127.58,3.1,53.91,142.7
Colombo,60.26,0.32,116.15,89.6
Kandy,58.03,3.87,96.08,114.9
Kandy,77.15,3.75,41.38,113.6
Galle,60.65,2.36,55.12,82.4
Colombo,93.54,0.73,100.42,115.7
Colombo,23.61,0.55,141.45,70.0
Colombo,77.59,1.61,100.66,114.5
Kandy,118.44,0.34,122.99,115.3
Kandy,39.59,0.8,43.06,56.3
Colombo,24.46,3.49,48.12,87.4
Colombo,113.49,2.82,36.16,118.6
Galle,109.17,3.5,88.66,143.5
Kandy,97.74,2.75,90.95,117.8
Colombo,74.35,1.26,25.8,79.4
Colombo,19.11,3.76,114.49,91.1
Galle,92.94,0.88,50.68,72.9
Galle,169.65,0.58,131.89,138.7
Galle,61.99,1.64,92.48,83.8
Kandy,106.61,3.75,102.48,153.8
Colombo,31.1,3.17,94.6,102.0
Galle,44.67,2.31,55.97,70.7
Kandy,117.69,1.59,12.91,107.6
Kandy,42.86,1.83,12.01,60.3
Kandy,82.2,0.88,43.35,72.6
Kandy,149.54,2.56,118.74,158.2
Colombo,7.55,1.06,130.61,62.6
Galle,114.49,2.33,31.8,100.2
Colombo,110.76,3.08,80.89,144.2
Galle,114.43,0.15,25.73,72.7
Kandy,40.4,1.61,12.42,56.9
Galle,159.62,1.16,33.15,102.9
Galle,93.5,0.34,15.32,82.6
Colombo,102.63,3.84,12.06,140.9
Galle,141.12,3.31,135.9,142.1
Kandy,170.54,3.38,48.01,173.8
Colombo,168.96,3.94,120.49,200.0
Colombo,15.34,2.79,110.67,94.3
Colombo,29.95,1.59,85.44,82.6
Galle,139.05,1.71,99.68,145.0
Colombo,8.89,3.96,11.01,71.0
Galle,73.8,1.02,19.06,70.3
Kandy,113.07,0.91,90.22,106.7
Galle,81.48,2.55,98.88,103.2
Galle,178.69,1.04,131.77,153.7
Colombo,115.38,2.98,93.78,148.3
Kandy,39.09,3.26,44.53,75.5
Galle,16.9,0.81,143.79,71.9
Galle,29.5,1.72,84.55,68.5
Kandy,15.36,2.57,116.49,57.2
Colombo,28.28,0.72,142.64,87.2
Galle,127.63,2.4,141.11,136.3
Kandy,105.73,0.73,73.4,115.3
Kandy,17.1,3.33,41.91,81.4
Galle,141.54,2.3,42.87,133.1
Galle,39.26,2.1,23.92,74.0
Colombo,28.31,1.12,65.77,64.6
Colombo,60.83,1.72,136.66,126.4
Colombo,133.56,0.19,89.8,112.8
Kandy,130.02,1.51,23.18,109.4
Galle,161.9,0.87,8.27,116.4
Colombo,60.31,2.55,122.22,120.9
Colombo,136.23,3.66,87.96,158.1
Galle,72.33,1.8,91.14,86.5
Colombo,79.64,2.5,16.83,85.1
Colombo,147.08,0.15,99.16,130.6
Colombo,59.04,1.24,43.57,81.6
Colombo,85.24,2.3,101.14,103.6
Kandy,147.81,0.17,111.71,123.5
Galle,13.61,1.0,135.12,56.4
Colombo,5.16,3.62,8.57,60.6
Colombo,46.84,3.06,115.2,97.7
Kandy,124.08,3.73,94.95,138.7
Colombo,139.03,2.8,145.02,157.1
Galle,27.88,2.72,110.75,71.1
Kandy,69.22,0.67,34.95,69.2
Colombo,45.64,1.68,44.03,78.3
Colombo,69.79,3.03,135.06,121.9
Galle,30.05,2.67,98.03,77.4
Galle,48.49,1.34,122.28,84.4
Kandy,100.54,3.71,131.34,140.1
Kandy,125.81,3.79,103.97,162.0
Colombo,14.41,2.71,38.54,59.4
Galle,36.0,0.12,69.58,37.0
Colombo,124.46,1.02,141.82,134.2
Kandy,155.24,0.61,107.23,140.9
Galle,19.34,2.62,95.62,60.8
Galle,130.56,1.95,128.12,146.9
Galle,34.45,3.36,84.59,92.0
Colombo,58.88,1.96,119.99,97.1
Galle,129.14,0.51,126.63,130.0
Galle,29.85,1.29,25.19,53.1
Kandy,76.36,3.56,11.84,100.0
Galle,52.35,1.07,141.6,86.2
Colombo,28.15,3.91,89.48,102.7
Colombo,96.1,1.82,132.59,114.2
Galle,26.33,1.72,14.15,40.1
Colombo,121.05,2.42,65.2,113.7
Colombo,76.87,3.29,134.78,137.7
Galle,85.16,1.1,114.06,104.8
Colombo,120.64,3.01,50.18,132.3
Galle,14.58,0.9,65.71,46.4
Colombo,23.45,2.26,79.38,82.7
Colombo,26.06,0.36,109.98,58.0
Colombo,45.57,2.85,49.62,88.3
Galle,113.73,2.9,21.04,112.9
Kandy,23.91,1.01,113.79,69.2
Kandy,84.14,2.98,104.54,109.0
Colombo,94.06,3.46,130.58,147.8
Kandy,177.71,3.04,41.05,161.2
Colombo,160.14,1.65,130.12,165.5
Colombo,6.22,1.67,39.04,34.8
Galle,8.2,3.63,14.95,58.1
Galle,37.75,2.27,47.25,57.7
Galle,68.57,1.81,146.74,109.5
Kandy,23.69,3.82,13.73,77.8
Galle,178.91,1.33,102.73,146.1
Colombo,17.34,3.65,32.57,85.2
Colombo,100.31,0.4,143.54,120.6
Galle,154.44,0.15,79.21,116.0
Colombo,151.37,2.06,7.09,133.0
Kandy,70.98,1.63,83.96,111.1
Galle,108.64,2.83,33.17,122.5
Kandy,134.41,2.62,27.59,125.3
Colombo,75.26,3.19,36.97,102.3
Galle,66.66,0.27,30.97,49.4
Galle,170.86,0.65,115.71,154.8
Kandy,139.39,2.55,96.82,141.9
Colombo,169.16,3.68,133.68,203.5
Galle,148.56,2.29,102.35,151.1
Kandy,67.29,0.68,91.49,75.9
Colombo,79.55,3.87,100.38,143.8
Galle,117.49,2.44,105.93,140.0
Colombo,38.8,1.94,73.51,76.2
Galle,24.23,3.55,54.72,66.9
Kandy,131.93,1.51,17.63,118.8
Colombo,19.1,0.67,48.21,46.5
Kandy,147.16,1.44,21.17,117.1
Kandy,174.02,0.9,112.53,159.4
Kandy,98.55,0.86,29.1,85.7
Colombo,109.89,0.88,134.08,146.5
Galle,159.16,0.29,42.27,115.1
Galle,42.9,3.5,17.63,92.8
Kandy,173.27,1.83,75.91,151.9
Kandy,165.51,2.26,48.39,132.1
Galle,80.9,3.41,57.67,103.6
Colombo,110.24,1.42,83.97,116.3
Kandy,122.91,1.86,113.6,132.1
Kandy,116.08,0.83,113.66,104.7
Galle,89.82,0.2,60.17,78.1
Galle,174.27,2.89,143.78,173.1
Kandy,96.88,2.86,41.57,90.1
Kandy,121.68,2.09,67.17,111.8
Colombo,151.84,2.25,27.21,130.4
Galle,169.28,2.02,106.63,155.5
Galle,64.79,2.63,14.92,87.9
Kandy,23.93,3.38,94.05,78.3
Galle,64.5,3.49,17.78,85.4
Galle,153.32,0.81,67.4,127.7
Colombo,25.84,0.65,46.54,43.2
Kandy,12.26,1.36,86.16,56.5
Galle,58.6,1.13,105.95,87.3
Kandy,97.33,1.11,12.66,78.0
Kandy,147.03,1.98,13.31,126.2
Kandy,34.09,1.58,94.49,71.7
Kandy,37.16,1.38,75.65,66.8
Colombo,110.43,2.01,81.66,127.7
Kandy,147.3,1.1,117.29,122.3
Kandy,81.34,2.67,68.47,109.5
Kandy,17.2,3.58,61.24,63.0
Colombo,62.38,2.97,10.32,74.1
Galle,12.16,0.29,95.41,37.1
Kandy,89.88,0.43,146.01,122.8
Kandy,85.08,1.95,118.54,115.1
Colombo,84.94,3.4,21.56,117.9
Kandy,15.84,2.35,22.29,47.0
Kandy,75.4,1.76,60.52,92.5
Colombo,152.7,1.12,66.15,150.6
Kandy,112.92,3.46,55.2,120.8
Colombo,159.84,1.0,63.62,149.4
Colombo,174.1,3.88,130.44,211.5
Kandy,115.38,1.88,74.89,124.9
Galle,51.41,0.76,18.87,42.1
Kandy,164.74,2.48,84.23,156.1
Colombo,60.54,0.96,79.72,84.9
Kandy,7.8,3.86,59.66,70.6
Kandy,126.61,0.14,62.14,97.9
Galle,106.8,3.09,63.93,129.7
Colombo,99.03,0.85,109.29,104.6
Galle,40.31,3.64,115.26,92.6
Galle,57.67,0.82,114.69,65.8
Kandy,170.24,3.98,70.29,174.3
Colombo,30.89,3.94,35.32,87.3
Colombo,177.52,3.37,122.24,189.6
Kandy,11.03,1.84,123.42,74.4
Kandy,113.71,0.57,146.66,120.4
Kandy,136.5,3.77,103.11,165.4
Colombo,63.13,2.83,115.97,114.5
Galle,40.84,3.21,112.09,94.8
Galle,40.61,3.82,138.19,104.8
Colombo,75.9,1.03,96.19,104.8
Galle,170.85,0.95,52.3,135.2
Colombo,108.78,2.01,24.33,104.0
Colombo,55.62,1.54,101.24,84.2
Colombo,75.0,0.32,89.58,99.8
Kandy,18.56,1.2,89.87,64.0
Galle,6.29,2.8,100.89,66.7
Galle,95.04,3.44,72.7,118.4
Kandy,106.86,3.21,130.33,131.1
Kandy,174.17,2.82,17.07,129.6
Colombo,179.44,1.76,21.12,146.6
Kandy,102.6,0.31,145.92,113.2
Colombo,75.3,2.06,126.72,126.1
Kandy,27.59,1.26,118.11,81.7
Colombo,40.25,0.14,15.92,53.9
Galle,177.92,1.99,30.98,139.9
Colombo,83.79,1.09,56.02,94.0
Colombo,131.08,1.2,31.72,130.9
Colombo,18.86,0.28,7.82,28.9
Kandy,84.99,1.23,86.48,85.2
Colombo,138.33,3.58,67.76,144.3
Kandy,94.19,3.64,118.85,159.1
Galle,112.64,3.71,144.5,129.2
Kandy,160.83,1.12,73.48,140.9
Galle,54.45,1.19,63.72,61.5
Galle,132.75,1.5,14.27,107.4
Colombo,157.19,1.94,108.37,148.0
Colombo,164.18,0.12,122.55,140.4
Galle,123.95,2.32,93.48,130.9
Kandy,126.26,2.96,149.34,153.2
Colombo,172.27,1.02,132.98,159.7
Colombo,95.15,3.96,93.64,140.7
Colombo,154.07,3.29,6.98,150.1
Galle,64.86,3.26,39.55,76.1
Colombo,136.35,1.02,25.81,111.7
Kandy,82.97,3.87,87.82,122.4
Kandy,119.51,3.5,40.4,138.1
Kandy,70.11,0.46,71.4,72.7
Galle,106.71,2.9,23.04,118.4
Kandy,65.91,3.59,145.16,144.4
Colombo,160.58,0.73,30.09,123.0
Colombo,14.04,0.29,61.01,39.4
Colombo,135.78,0.29,142.54,136.2
Kandy,82.82,2.35,147.58,135.5
Galle,124.22,2.89,93.06,139.6
Kandy,91.12,3.95,45.35,116.5
Kandy,152.28,0.22,127.35,122.0
Kandy,123.5,0.56,14.99,91.0
Colombo,65.87,2.52,84.0,102.7
Colombo,52.45,3.07,109.75,105.2
Colombo,43.05,1.53,61.68,69.6
Kandy,67.77,1.14,67.67,85.2
Colombo,155.21,3.39,57.15,154.1
Galle,116.24,3.97,117.77,160.9
Kandy,62.64,2.8,116.11,115.8
Galle,147.82,3.94,136.91,170.5
Galle,177.79,0.98,101.04,154.7
Colombo,74.44,1.78,87.55,104.5
Galle,88.03,1.4,89.0,98.2
Kandy,130.03,1.83,8.93,117.9
Colombo,91.1,1.31,31.36,76.9
Kandy,83.08,2.26,48.2,97.4
Colombo,156.85,2.86,20.4,153.7
Kandy,114.97,1.81,10.62,106.0
Colombo,138.84,1.14,121.98,148.2
Kandy,19.25,1.8,47.43,48.6
Kandy,51.39,1.78,149.86,95.5
Kandy,30.47,3.52,81.59,87.3
Colombo,51.75,3.65,68.17,110.0
Colombo,18.17,0.54,12.15,30.7
Galle,28.74,1.11,60.83,52.0
Galle,84.44,2.08,87.96,107.3
Colombo,155.19,0.77,68.33,146.0
Colombo,167.87,0.2,106.02,143.1
Galle,44.03,1.69,55.43,71.6
Galle,27.46,2.64,147.46,92.8
Colombo,136.56,2.39,35.84,144.3
Colombo,79.71,1.93,139.64,123.6
Kandy,53.15,1.65,140.06,99.9
Galle,88.63,1.49,103.96,100.0
Colombo,127.42,1.3,13.28,120.6
Colombo,7.09,0.64,108.78,44.5
Colombo,83.58,1.89,16.16,99.9
Kandy,105.23,0.64,140.96,118.2
Colombo,101.35,0.85,19.77,89.3
Colombo,97.23,2.37,104.15,137.3
Kandy,106.93,0.83,32.29,99.4
Kandy,13.58,2.33,123.83,77.5
Colombo,99.74,1.21,149.24,126.1
Colombo,114.49,2.36,112.54,144.1
Colombo,161.29,2.79,46.15,148.0
Colombo,155.26,3.85,96.11,187.2
Colombo,23.49,3.27,88.92,100.9
Kandy,120.57,3.26,102.56,149.4
Galle,171.3,1.27,7.78,121.2
Colombo,106.46,0.75,108.27,114.4
Galle,43.1,2.52,11.97,61.4
Kandy,137.82,2.05,137.21,149.5
Galle,118.04,1.01,27.73,101.7
Galle,91.35,3.66,139.56,152.0
Colombo,177.22,1.24,47.75,155.1
Galle,85.12,1.11,132.42,86.8
Colombo,23.11,2.66,136.51,100.2
Colombo,57.78,0.83,49.04,71.4
Kandy,63.74,2.34,79.64,86.4
Galle,27.81,2.61,33.59,61.7
Colombo,100.37,0.44,39.34,80.1
Galle,8.09,0.5,29.97,18.3
Colombo,160.92,2.32,125.7,179.6
Galle,124.99,0.98,24.11,107.4
Galle,144.75,0.52,118.2,125.9
Colombo,80.27,1.81,50.0,103.5
Colombo,22.21,1.85,141.37,82.1
Kandy,51.9,3.66,96.81,125.6
Kandy,66.17,1.33,119.75,84.3
Kandy,30.57,3.31,39.08,84.2
Kandy,176.47,3.49,30.22,164.1
Kandy,52.19,3.3,149.91,111.8
Kandy,18.44,1.71,103.44,63.8
Kandy,144.14,0.63,146.73,137.7
Colombo,15.81,2.96,80.65,85.5
Kandy,71.21,0.44,54.62,64.4
Kandy,78.31,2.11,107.8,110.5
Galle,106.63,3.72,77.03,125.6
Kandy,89.55,0.35,93.62,89.3
Galle,68.27,2.19,149.45,122.8
Kandy,116.11,3.45,54.99,139.8
Colombo,130.12,1.07,136.98,138.2
Kandy,30.25,0.46,7.42,30.8
Kandy,65.42,0.77,95.19,84.2
Kandy,33.44,3.84,128.48,104.2
Galle,8.34,2.79,142.1,87.3
Kandy,81.18,2.15,33.95,97.6
Colombo,82.47,2.96,38.79,116.4
Galle,72.01,0.79,56.0,65.8
Colombo,77.73,1.11,130.72,106.8
Colombo,99.72,0.31,106.67,105.7
Colombo,27.87,1.23,131.0,94.5
Kandy,83.95,2.9,90.0,104.6
Galle,43.1,1.08,125.6,74.9
Kandy,171.65,2.18,96.57,152.7
Galle,31.15,3.73,71.51,87.3
Kandy,141.15,0.96,28.86,117.2
Galle,168.21,0.59,60.4,126.8
Kandy,177.3,2.7,46.38,151.0
Galle,58.63,3.85,144.85,124.2
Colombo,130.57,3.13,102.65,163.5
Colombo,94.1,0.2,64.0,91.8
Galle,98.33,3.98,121.08,145.3
Galle,76.95,1.01,7.85,73.4
Kandy,23.14,2.84,48.42,65.9
Colombo,32.94,3.18,94.36,105.0
Colombo,26.28,2.57,135.36,87.7
Colombo,75.06,3.79,63.94,124.2
Colombo,122.66,2.79,54.51,140.5
Kandy,40.16,3.24,128.27,98.7
Colombo,169.65,0.81,87.28,151.4
Galle,117.9,0.17,144.25,113.0
Galle,92.96,1.11,106.7,87.3
Colombo,163.06,2.88,123.63,186.8
Kandy,26.98,3.09,35.48,77.9
Colombo,35.17,3.5,93.9,97.3
Colombo,19.66,2.61,115.57,74.4
Colombo,145.65,3.29,146.95,183.2
Galle,41.14,2.97,130.64,114.4
Kandy,50.62,1.26,5.09,56.8
Colombo,22.37,0.45,43.09,40.4
Colombo,173.15,3.62,106.03,191.2
Colombo,116.86,1.02,108.48,126.6
Galle,79.82,0.73,106.55,96.4
Galle,154.31,2.37,16.44,129.2
Galle,171.3,2.19,62.16,138.5
Galle,144.45,1.43,121.79,135.7
Kandy,107.88,3.74,110.28,143.9
Galle,46.71,3.2,75.54,84.4
Kandy,140.3,0.51,117.87,125.3
Colombo,85.62,1.3,10.1,88.4
Kandy,67.4,1.84,145.0,91.2
Colombo,37.28,2.04,45.01,70.4
Colombo,8.7,1.73,117.5,71.9
Colombo,131.48,3.79,137.98,165.3
Colombo,39.68,3.51,56.12,114.0
Kandy,80.05,0.84,45.86,78.7
Kandy,39.3,3.78,146.59,99.7
Colombo,61.27,0.24,23.45,60.3
Galle,178.1,1.13,102.45,158.0
Galle,40.36,0.53,60.59,51.6
Galle,94.2,1.27,26.93,84.3
Galle,121.72,0.88,132.62,116.9
Galle,116.71,2.83,21.24,106.4
Galle,145.32,1.92,57.44,125.1
Kandy,9.81,1.67,149.07,75.1
Galle,106.46,2.21,12.3,93.0
Kandy,91.36,3.7,7.3,112.4
Galle,70.15,1.09,75.9,80.7
Colombo,118.67,1.28,71.7,119.2
Colombo,14.54,3.36,79.23,104.6
Colombo,63.04,2.92,78.62,116.6
Galle,24.27,1.62,39.95,47.2
Colombo,22.66,0.88,149.98,73.6
Galle,126.09,0.71,40.3,95.8
Galle,75.44,3.69,99.29,123.3
Galle,139.27,3.71,75.14,160.2
Kandy,160.53,2.8,40.31,142.7
Colombo,23.35,1.14,80.43,60.5
Colombo,144.73,2.86,32.61,144.6
Kandy,71.37,0.28,30.58,62.3
Kandy,164.48,2.26,30.3,123.6
Kandy,175.11,0.72,56.35,121.1
Galle,165.96,0.47,83.9,120.4
Kandy,92.55,1.72,29.53,92.5
Galle,35.45,1.42,7.62,38.2
Galle,73.01,0.25,138.05,85.7
Kandy,32.41,3.9,127.17,114.3
Kandy,13.9,3.47,54.44,81.1
Colombo,101.15,2.4,99.65,139.4
Colombo,113.84,2.47,128.17,156.0
Galle,15.93,1.6,69.44,52.6
Colombo,22.94,2.19,17.35,67.9
Kandy,171.55,1.35,130.87,153.0
Colombo,56.41,2.72,106.81,107.5
Galle,89.92,3.13,60.44,111.5
Kandy,93.18,0.15,57.62,88.8
Colombo,96.74,2.72,44.07,119.2
Colombo,64.88,0.86,86.48,81.4
Kandy,113.17,2.09,84.13,120.0
Colombo,79.6,1.83,101.96,119.3
Kandy,14.22,0.25,108.99,37.5
Kandy,51.77,1.74,18.69,62.8
Kandy,85.62,1.22,40.88,76.2
Colombo,122.6,2.58,121.84,151.5
Colombo,176.5,2.43,107.91,178.4
Galle,35.68,0.14,26.58,32.4
Kandy,99.6,1.89,142.03,137.8
Galle,41.59,3.41,136.37,122.3
Kandy,106.88,1.49,28.82,102.8
Galle,15.52,3.67,94.24,85.4
Kandy,41.64,0.25,112.49,54.2
Galle,170.86,0.31,20.41,120.6
Galle,48.16,1.89,96.13,73.3
Galle,178.57,1.14,125.81,172.3
Galle,115.91,0.65,69.23,92.2
Kandy,92.18,1.39,68.89,100.6
Galle,144.35,2.37,144.23,162.8
Galle,96.47,0.19,64.99,89.8
Galle,66.64,3.44,62.43,95.1
Colombo,59.43,3.56,117.36,129.3
Kandy,177.96,1.91,13.44,146.3
Kandy,107.68,0.5,110.87,116.8
Kandy,108.39,2.91,141.49,139.2
Colombo,95.16,3.12,86.51,123.2
Galle,157.98,2.86,108.48,162.3
Galle,119.94,0.87,25.88,80.2
Kandy,13.68,0.47,9.76,19.8
Galle,163.66,0.85,94.24,132.9
Kandy,176.83,2.8,133.06,180.1
Galle,51.91,3.26,13.03,72.4
Galle,170.65,2.93,36.85,152.3
Galle,118.32,3.88,108.52,149.9
Kandy,136.18,2.94,96.33,155.5
Colombo,113.95,0.14,33.25,98.5
Galle,79.27,2.89,92.55,110.2
Kandy,128.55,1.03,61.36,120.5
Galle,9.52,0.96,118.17,50.7
Kandy,111.34,3.94,126.96,154.5
Colombo,53.89,1.46,138.86,97.5
Colombo,152.96,3.22,78.73,169.7
Kandy,41.65,2.19,111.9,83.7
Galle,87.55,3.84,103.04,131.4
Galle,19.0,1.5,129.46,70.4
Colombo,162.79,3.71,6.32,157.8
Kandy,92.44,0.34,108.61,93.0
Kandy,174.85,2.28,53.78,157.0
Colombo,102.85,2.06,25.94,108.1
Galle,63.47,2.14,89.92,84.1
Galle,5.28,1.2,132.8,67.1
Colombo,61.62,0.82,88.66,80.6
Colombo,103.02,1.61,65.94,104.6
Galle,101.21,1.86,29.57,97.2
Kandy,166.01,1.16,58.72,136.6
Galle,159.3,3.77,112.24,176.0
Kandy,64.45,2.9,46.61,88.2
Colombo,143.34,1.87,48.74,143.9
Kandy,73.31,3.65,9.22,95.3
Colombo,162.83,1.84,84.85,135.3
Kandy,27.59,2.19,140.8,102.6
Galle,39.19,0.44,92.79,58.3
Kandy,132.49,0.88,58.83,109.4
Kandy,40.15,1.29,81.05,77.3
Colombo,148.21,0.77,122.14,148.8
Galle,65.49,3.0,68.53,99.0
Colombo,96.82,2.59,54.01,128.2
Galle,107.79,0.43,70.22,98.4
Galle,127.05,0.45,77.14,111.2
Colombo,162.25,3.6,104.43,178.4
Kandy,46.89,1.73,41.42,73.8
Kandy,16.48,2.94,86.16,83.8
Colombo,135.63,3.58,114.73,163.9
Galle,168.21,1.64,119.94,162.6
Colombo,12.29,3.34,87.84,73.8
Colombo,49.31,2.27,81.5,82.6
Galle,8.09,2.12,81.79,61.3
Kandy,70.21,1.47,83.81,94.2
Kandy,54.68,1.98,109.34,83.3
Colombo,67.22,3.25,47.73,118.9
Galle,57.98,1.89,123.6,97.0
Colombo,51.75,1.05,37.96,68.0
Kandy,43.2,0.61,6.82,25.9
Kandy,20.63,1.81,38.46,59.5
Colombo,160.55,3.01,10.1,144.0
Kandy,142.65,0.17,84.7,116.1
Kandy,6.93,1.72,27.48,48.9
Colombo,103.55,3.78,5.56,132.6
Colombo,134.04,3.54,67.91,156.6
Galle,178.75,1.69,46.67,129.7
Galle,35.49,3.86,30.46,84.5
Kandy,105.16,4.0,46.59,124.5
Kandy,16.29,3.89,83.88,81.5
Kandy,175.64,1.01,132.79,152.7
Kandy,13.73,2.45,121.98,73.5
Kandy,133.94,1.87,148.45,146.6
Galle,101.66,2.44,44.79,102.5
Kandy,141.21,3.77,129.97,154.5
Kandy,58.11,1.65,50.95,86.9
Galle,54.98,3.85,50.36,97.3
Colombo,106.47,2.55,57.96,116.5
Colombo,80.82,3.22,112.22,115.5
Galle,36.44,0.49,12.9,29.4
Galle,144.22,1.96,23.98,124.5
Galle,145.03,3.74,116.68,171.9
Kandy,42.67,3.26,33.6,86.4
Colombo,55.74,3.43,61.21,96.3
Kandy,163.22,0.71,58.16,120.4
Colombo,108.49,2.9,113.06,146.2
Kandy,164.15,0.86,65.36,150.5
Kandy,154.64,1.78,60.98,128.4
Galle,141.73,0.18,52.42,94.0
Galle,115.93,0.38,136.81,119.8
Galle,147.55,1.01,34.09,106.3
Kandy,106.16,3.84,77.95,146.3
Colombo,133.25,1.41,52.65,123.6
Kandy,38.44,3.1,43.51,64.5
Colombo,6.71,0.39,82.67,43.9
Galle,85.6,3.61,139.85,144.5
Galle,137.28,1.99,21.19,118.0
Kandy,78.81,1.0,33.94,73.8
Galle,138.5,3.08,56.66,146.1
Colombo,89.54,1.72,146.79,121.0
Galle,167.23,2.63,60.04,158.1
Kandy,77.09,3.74,12.03,111.4
Colombo,153.84,3.52,84.67,161.4
Colombo,127.16,2.59,51.48,147.6
Colombo,94.53,0.72,12.75,78.6
Colombo,71.98,3.05,49.32,106.6
Colombo,156.75,2.72,11.81,156.8
Kandy,30.73,2.87,146.14,100.5
Kandy,47.52,3.64,18.5,92.8
Kandy,99.63,2.74,106.88,126.7
Galle,94.06,1.34,145.5,127.9
Kandy,68.38,2.68,73.27,93.8
Kandy,110.3,0.34,64.93,76.9
Galle,71.33,1.48,24.21,84.4
Galle,38.97,2.19,140.55,92.2
Galle,158.55,0.26,121.7,136.0
Kandy,10.44,3.79,39.9,67.9
Kandy,161.85,1.68,71.07,141.9
Kandy,65.48,2.52,10.63,83.8
Galle,125.75,1.61,55.19,110.2
Galle,5.04,1.04,35.19,35.3
Galle,111.17,2.87,8.05,103.2
Colombo,162.94,0.39,134.66,157.1
Kandy,172.93,3.19,92.55,166.4
Colombo,18.35,2.96,94.45,80.2
Kandy,107.68,1.84,126.24,132.5
Kandy,179.44,0.7,130.13,161.4
Galle,118.06,0.69,140.23,106.8
Colombo,125.44,3.16,120.32,157.0
Colombo,97.27,3.73,75.15,128.1
Kandy,86.12,3.56,70.99,103.2
Colombo,170.08,2.13,103.18,178.3
Kandy,115.91,1.86,53.98,102.2
Kandy,37.01,1.52,67.7,60.6
Kandy,18.02,2.06,31.48,66.7
Colombo,104.94,0.14,42.38,98.4
Galle,85.51,1.26,9.78,79.2
Kandy,59.22,0.43,18.19,73.3
Colombo,27.24,1.49,90.91,75.2
Colombo,179.69,3.99,32.73,176.6
Galle,16.72,0.21,40.49,26.0
Kandy,42.11,0.51,104.82,73.4
Colombo,95.5,3.64,121.63,147.9
Galle,163.81,0.58,82.44,127.5
Galle,76.75,1.98,15.22,71.1
Galle,136.66,3.66,85.35,142.7
Kandy,33.38,2.0,112.09,82.6
Galle,133.84,3.12,100.15,155.4
Colombo,140.57,1.13,140.37,155.7
Kandy,93.49,0.4,49.4,87.9
Galle,23.19,3.85,134.08,105.0
Galle,60.73,2.95,46.72,84.0
Kandy,17.27,3.47,77.44,95.8
Colombo,155.46,1.89,43.05,132.6
Colombo,89.53,3.56,59.86,123.3
Kandy,173.33,2.65,71.13,163.5
Kandy,61.82,3.93,24.54,97.1
Colombo,166.39,2.41,60.09,142.9
Colombo,49.58,3.67,21.39,100.5
Galle,160.16,1.13,37.56,130.4
Galle,168.18,3.79,58.51,166.5
Kandy,165.14,1.24,76.15,132.1
Galle,76.16,1.59,120.23,89.7
Colombo,94.09,0.68,93.69,101.6
Galle,23.8,0.49,6.64,30.4
Colombo,28.02,1.28,134.79,81.2
Colombo,155.38,0.53,142.38,148.9
Colombo,138.81,1.21,133.7,146.0
Colombo,112.3,3.49,100.98,159.7
Galle,109.98,2.81,124.69,133.8
Kandy,122.0,3.46,28.62,132.8
Colombo,150.81,3.72,96.12,176.8
Galle,101.66,0.3,11.36,68.9
Galle,62.01,3.29,64.27,111.5
Kandy,146.03,0.41,32.77,106.2
Galle,161.74,0.59,22.88,95.6
Galle,10.2,0.38,100.68,52.9
Colombo,111.05,2.32,12.77,109.6
Galle,159.18,2.16,124.6,158.1
Colombo,173.33,2.23,14.32,154.4
Colombo,33.12,3.92,27.99,70.7
Kandy,145.28,2.56,47.47,136.1
Colombo,160.36,0.26,137.49,144.5
Colombo,10.46,3.87,81.36,94.9
Galle,68.45,0.36,148.46,88.4
Colombo,61.13,3.48,38.72,100.6
Kandy,89.41,2.84,14.86,94.9
Kandy,46.36,0.48,88.54,58.8
Colombo,37.97,0.32,16.7,56.1
Galle,90.63,2.1,43.83,95.8
Colombo,113.42,2.73,117.71,161.4
Galle,91.85,2.22,29.42,100.4
Galle,177.36,3.79,33.58,168.3
Colombo,119.58,1.62,33.21,120.1
Kandy,31.98,3.44,79.63,90.9
Kandy,115.82,0.49,92.61,101.3
Colombo,51.03,0.74,57.6,75.5
Galle,80.42,0.78,148.13,90.7
Galle,106.46,2.51,46.02,121.0
Galle,9.32,3.26,82.8,63.3
Colombo,15.78,0.73,134.78,58.1
Kandy,114.55,0.69,73.01,109.8
Kandy,68.63,0.95,102.09,74.4
Galle,67.26,2.11,49.2,97.9
Kandy,156.19,1.27,32.98,127.3
Galle,125.76,1.62,65.29,109.1
Galle,102.0,2.16,111.46,112.1
Colombo,80.54,3.29,127.23,140.2
Galle,41.87,0.99,45.54,56.0
Colombo,28.49,2.61,54.25,69.9
Galle,152.41,3.07,29.39,137.2
Kandy,81.5,1.14,92.58,97.5
Colombo,21.45,1.23,147.64,79.0
Kandy,88.9,1.53,137.5,115.7
Kandy,162.75,2.27,130.93,168.4
Galle,63.48,3.29,10.56,87.9
Galle,94.73,1.65,77.09,99.7
Kandy,14.49,2.93,16.75,64.5
Colombo,75.64,2.75,66.03,110.7
Galle,24.14,1.65,53.84,56.5
Kandy,52.55,0.93,92.52,82.7
Colombo,122.03,2.22,125.77,146.4
Colombo,53.34,3.19,37.66,85.7
Kandy,103.26,0.83,37.53,95.9
Colombo,8.95,0.54,93.37,45.7
Colombo,142.72,0.32,58.56,125.9
Colombo,120.11,3.84,140.01,173.6
Kandy,100.83,2.6,42.62,117.4
Galle,72.23,3.36,26.55,91.0
Colombo,143.08,1.47,63.67,109.9
Colombo,56.17,3.51,116.91,132.3
Colombo,13.17,3.14,41.62,66.9
Kandy,110.66,0.51,88.04,111.9
Colombo,115.35,1.85,32.35,114.6
Colombo,45.78,2.34,124.12,102.2
Galle,131.11,2.05,134.64,139.7
Colombo,148.61,0.25,58.24,112.4
Kandy,57.16,1.71,37.45,73.3
Colombo,90.42,2.56,111.47,139.2
Colombo,26.03,2.18,102.89,75.9
Kandy,149.31,2.47,69.43,145.5
Galle,45.48,2.97,49.16,81.3
Galle,35.92,2.36,136.09,98.1
Galle,114.34,1.41,35.63,89.7
Galle,56.77,3.56,126.89,109.0
Colombo,61.09,3.0,145.83,123.9
Colombo,38.16,2.74,18.38,68.5
Kandy,118.86,3.57,68.86,149.6
Kandy,24.72,2.35,10.94,61.8
Colombo,121.79,0.27,52.36,105.0
Colombo,27.53,2.27,134.63,82.9
Kandy,125.6,2.11,34.02,112.4
Colombo,124.95,3.14,7.91,131.0
Galle,146.39,0.84,20.97,115.7
Galle,88.47,2.6,10.56,102.3
Colombo,60.4,2.72,9.56,90.8
Colombo,126.24,3.5,54.64,149.1
Kandy,175.5,3.95,79.33,192.5
Kandy,136.13,3.86,15.67,158.5
Galle,21.39,3.1,113.35,88.1
Colombo,113.64,2.9,87.58,134.8
Galle,108.77,3.75,103.33,144.5
Galle,152.84,3.6,43.37,146.3
Kandy,117.83,1.49,12.13,101.9
Galle,101.98,3.07,82.92,113.4
Kandy,106.83,0.32,25.96,77.1
Kandy,166.4,1.76,147.9,171.9
Kandy,104.23,3.72,12.94,119.2
Galle,79.3,3.74,83.65,109.2
Colombo,146.77,0.44,96.91,133.3
Colombo,95.38,2.94,89.08,133.6
Kandy,146.03,3.96,59.72,150.6
Kandy,34.97,2.99,48.88,69.5
Colombo,147.69,3.57,80.31,170.1
Kandy,135.97,1.12,132.85,135.3
Galle,19.17,2.35,140.75,81.1
Colombo,120.4,2.54,45.97,122.6
Galle,64.28,1.93,129.4,97.1
Colombo,61.78,1.4,8.73,79.8
Galle,81.54,3.74,96.71,118.4
Colombo,116.73,1.22,47.58,120.1
Colombo,9.27,2.37,84.6,67.7
Colombo,80.06,2.64,110.43,118.5
Kandy,52.14,3.22,70.81,90.7
Kandy,60.16,0.55,20.51,61.6
Galle,8.66,0.97,13.19,28.7
Kandy,80.51,1.0,79.81,89.4
Kandy,71.7,1.71,110.5,106.1
Colombo,154.58,3.73,31.71,144.1
Kandy,147.38,0.24,81.59,110.2
Galle,84.74,2.46,105.32,119.4
Kandy,46.4,2.95,24.1,74.8
Galle,152.43,0.99,130.63,143.6
Galle,143.3,1.25,76.87,118.5
Kandy,104.92,1.69,100.91,114.7
Galle,39.67,0.14,95.95,62.1
Kandy,70.56,0.81,67.36,87.9
Galle,169.53,3.58,82.65,174.3
Kandy,7.7,1.8,37.52,32.7
Kandy,85.02,2.24,133.73,104.9
Galle,91.48,2.95,60.65,110.3
Kandy,31.34,2.06,121.24,87.3
Colombo,90.86,3.41,107.38,123.7
Galle,105.98,0.96,44.02,90.6
Colombo,88.76,0.27,49.89,91.2
Galle,145.99,2.71,111.2,148.1
Galle,13.63,0.11,40.5,18.6
Galle,117.63,0.52,68.26,101.8
Galle,36.23,0.41,141.36,72.3
Galle,115.0,0.47,18.77,80.8
Colombo,61.72,3.91,10.42,93.7
Colombo,107.42,1.5,73.93,114.8
Galle,103.57,2.63,35.38,112.5
Kandy,171.29,0.35,92.44,146.9
Kandy,161.41,2.17,102.06,154.1
Kandy,138.58,2.39,42.88,132.6
Galle,86.98,2.43,9.49,96.0
Galle,19.77,1.11,7.74,30.7
Kandy,95.34,0.7,138.65,114.7
Galle,145.83,2.5,114.3,158.3
Galle,43.45,1.81,118.39,80.5
Kandy,120.46,0.63,104.6,125.8
Colombo,52.95,1.33,21.94,61.2
Galle,163.98,0.51,109.44,131.4
Kandy,65.44,3.97,19.78,94.6
Colombo,21.16,2.73,13.19,62.6
Kandy,83.43,2.58,37.08,107.1
Kandy,145.57,1.16,109.83,142.5
Kandy,92.13,3.38,121.2,122.8
Kandy,42.37,0.14,117.6,60.7
Galle,146.07,1.48,98.12,131.4
Galle,153.93,3.13,44.01,143.6
Kandy,65.63,3.89,147.06,127.4
Kandy,146.01,1.16,73.38,142.3
Galle,81.83,0.54,107.35,89.4
Colombo,67.71,0.81,98.2,95.4
Kandy,101.57,2.56,42.28,93.7
Colombo,41.63,1.04,23.84,56.5
Colombo,133.23,2.77,125.82,164.7
Galle,98.25,3.73,142.96,133.1
Galle,29.82,0.93,20.3,48.1
Colombo,77.76,3.42,38.31,122.4
Kandy,155.97,1.83,89.95,146.2
Colombo,164.85,1.7,113.49,166.1
Galle,107.33,3.28,148.3,141.8
Galle,173.4,1.77,33.63,137.7
Kandy,139.82,2.05,49.26,116.1
Galle,59.73,3.32,91.27,98.2
Kandy,178.13,2.75,147.82,184.5
Kandy,27.21,3.74,130.77,101.0
Galle,96.03,2.31,86.37,123.7
Kandy,16.12,1.65,144.75,72.6
Kandy,75.73,3.51,65.25,108.3
Kandy,171.41,0.19,49.04,124.6
Galle,61.16,1.08,82.46,79.9
Kandy,75.4,3.15,144.6,120.4
Kandy,91.0,2.92,140.97,131.8
Colombo,39.09,3.28,121.37,109.0
Galle,57.23,2.59,46.78,88.4
Colombo,14.87,3.49,47.73,70.5
Galle,17.07,3.98,46.88,71.2
Colombo,63.59,1.39,7.86,67.0
Kandy,74.12,1.41,35.06,66.1
Colombo,55.68,2.35,14.55,72.2
Kandy,5.5,3.73,21.08,72.6
Colombo,27.23,0.33,49.28,43.7
Kandy,146.89,3.93,139.35,180.4
Kandy,103.5,1.32,47.79,101.9
Kandy,167.53,3.24,28.65,148.4
Kandy,101.48,1.5,23.24,82.9
Kandy,79.09,0.12,50.43,53.4
Kandy,82.48,1.09,136.84,107.2
Kandy,115.1,0.7,107.98,98.4
Colombo,67.98,2.7,10.89,83.6
Galle,144.62,3.69,146.88,181.3
Colombo,176.68,2.49,120.06,178.9
Kandy,37.11,3.06,8.19,59.2
Colombo,126.81,1.44,20.65,124.9
Galle,28.41,3.55,99.14,92.0
Kandy,63.72,3.91,131.67,117.8
Galle,146.81,3.21,23.5,139.7
Galle,83.25,1.8,118.76,111.6
Colombo,96.15,3.36,125.38,144.8
Kandy,149.99,3.17,42.56,147.8
Kandy,42.6,0.26,34.16,41.1
Galle,143.89,2.5,147.96,150.2
Kandy,10.1,2.46,62.38,65.1
Galle,35.08,0.33,20.28,31.8
Colombo,126.84,0.9,68.98,118.3
Kandy,36.0,1.77,23.37,65.6
Kandy,142.52,1.9,141.44,127.8
Colombo,105.76,0.74,23.11,84.4
Galle,7.17,3.53,11.54,59.5
Kandy,118.16,3.34,12.14,125.1
Colombo,90.7,3.07,125.84,144.0
Colombo,14.04,0.72,122.84,60.4
Colombo,68.31,0.14,95.8,89.5
Colombo,143.23,2.51,21.4,147.0
Colombo,88.31,2.79,93.12,109.3
Kandy,34.88,0.98,88.45,81.7
Galle,95.11,0.77,101.12,93.0
Kandy,175.72,1.4,91.28,158.3
Galle,172.34,3.09,145.59,176.1
Galle,106.09,1.5,44.94,102.2
Galle,69.22,1.34,128.25,91.3
Colombo,41.63,0.11,40.02,59.3
Galle,5.28,2.14,54.89,44.9
Galle,138.12,0.68,87.92,123.8
Kandy,115.32,3.64,65.77,131.7
Galle,177.53,1.3,23.9,140.1
Galle,129.73,0.28,43.61,75.5
Colombo,83.77,0.19,97.9,91.2
Galle,17.57,3.01,12.69,41.5
Kandy,50.73,3.94,49.91,100.6
Colombo,142.49,2.73,21.68,134.3
Colombo,164.58,2.98,33.68,172.5
Colombo,40.66,3.0,104.41,103.1
Kandy,179.23,1.09,68.33,158.4
Galle,111.99,3.86,18.86,130.8
Kandy,118.77,2.65,143.65,156.4
Kandy,90.75,0.53,65.83,84.7
Colombo,21.01,2.1,38.58,62.3
Colombo,28.63,1.93,141.09,90.7
Galle,8.9,3.49,85.35,74.7
Galle,54.11,3.89,27.24,97.2
Colombo,166.51,3.55,70.55,176.6
Galle,125.41,1.35,41.57,116.3
Galle,90.6,3.2,100.9,121.8
Galle,99.05,0.19,69.4,89.5
Colombo,164.17,0.17,85.77,145.5
Colombo,105.97,0.69,30.61,101.4
Colombo,27.33,3.45,91.25,105.5
Kandy,147.77,3.23,127.63,166.4
Colombo,77.31,1.68,103.54,110.4
Galle,67.41,1.22,42.26,63.6
Colombo,119.83,3.54,75.37,162.6
Galle,18.86,2.0,50.61,42.8
Galle,52.0,3.46,15.13,79.7
Galle,62.54,2.67,47.62,82.3
Galle,159.88,0.96,72.21,127.0
Galle,29.13,3.13,120.64,74.9
Galle,133.94,2.45,100.04,142.8
Colombo,100.0,2.17,55.43,131.9
Kandy,91.99,3.04,124.37,133.0
Colombo,76.4,2.78,41.23,111.5
Galle,62.63,1.75,87.89,88.2
Galle,45.78,3.81,143.96,114.2
Galle,116.38,3.35,120.97,134.6
Colombo,155.91,1.21,104.58,140.4
Colombo,99.95,3.92,122.45,158.1
Galle,170.73,2.07,133.63,155.4
Colombo,100.66,2.26,76.98,109.7
Colombo,167.26,2.4,64.12,169.8
Kandy,44.86,2.38,58.86,83.6
Colombo,88.82,3.6,62.25,126.9
Galle,77.12,0.24,77.21,78.4
Kandy,102.8,2.86,30.73,117.6
Kandy,28.79,2.04,36.06,54.0
Galle,34.81,2.05,91.12,70.8
Galle,6.62,3.25,30.55,47.0
Galle,74.07,2.78,65.41,88.4
Galle,37.91,1.77,100.45,82.5
Kandy,7.11,2.12,92.84,61.7
Galle,85.41,1.46,95.99,101.6
Kandy,46.52,1.12,78.14,69.1
Kandy,42.56,2.59,78.38,97.7
Kandy,121.22,1.76,133.92,136.1
Colombo,50.24,3.61,124.43,129.3
Colombo,127.63,2.93,141.68,165.5
Colombo,42.58,1.49,46.2,78.8
Colombo,31.77,3.24,78.99,70.5
Galle,20.72,2.4,91.91,61.0
Galle,54.38,1.01,111.44,78.3
Galle,89.13,3.73,107.64,127.4
Colombo,39.46,3.13,125.65,98.0
Kandy,62.32,0.92,76.32,70.8
Galle,24.87,3.24,41.72,73.6
Colombo,143.59,0.6,62.79,112.1
Colombo,163.83,3.4,76.11,173.5
Kandy,27.11,3.9,38.44,76.3
Kandy,64.32,0.66,129.39,95.4
Galle,84.15,0.16,21.97,52.6
Galle,20.36,2.71,134.89,79.4
Kandy,92.56,1.99,27.89,108.1
Colombo,138.63,1.11,74.71,127.8
Colombo,96.34,0.71,101.66,115.9
Galle,75.34,3.4,55.21,115.2
Colombo,137.9,1.32,71.64,139.2
Galle,19.68,3.97,23.44,78.4
Colombo,98.49,3.38,89.6,126.4
Galle,76.87,2.91,79.17,127.2
Kandy,142.08,1.47,48.35,123.8
Kandy,6.46,0.42,23.29,23.2
Kandy,81.83,0.28,138.42,84.1
Kandy,91.91,0.66,138.44,106.7
Colombo,16.29,2.34,95.19,76.5
Galle,46.78,3.36,118.67,107.5
Colombo,78.15,2.31,99.12,120.8
Galle,116.54,2.89,37.52,109.7
Galle,63.28,1.56,36.07,72.3
Colombo,168.31,3.76,137.55,178.8
Kandy,15.66,1.77,62.9,59.8
Kandy,150.56,3.92,76.61,170.9
Galle,97.26,1.37,27.93,72.5
Kandy,141.59,3.05,92.97,164.4
Colombo,30.86,1.77,33.38,73.8
Kandy,145.88,0.18,125.45,140.9
Colombo,11.69,2.5,125.07,88.5
Kandy,131.26,0.12,90.9,107.7
Galle,73.9,0.99,29.84,76.6
Galle,41.06,0.68,120.56,69.3
Colombo,59.84,1.9,61.56,85.8
Galle,60.02,3.26,43.59,95.6
Colombo,48.01,2.35,44.81,79.2
Colombo,34.77,3.07,117.15,90.6
Kandy,154.31,1.13,80.33,136.7
Colombo,119.55,3.82,117.4,163.1
Kandy,79.47,2.24,103.37,119.6
Galle,53.12,0.41,67.29,43.2
Kandy,125.29,1.55,43.05,117.5
Colombo,118.52,2.59,85.25,142.9
Kandy,94.7,1.89,98.14,110.8
Colombo,102.78,2.54,19.01,119.9
Colombo,12.21,1.08,105.01,45.4
Galle,115.26,1.43,48.67,102.9
Galle,138.12,3.72,71.45,172.1
Galle,14.15,1.09,15.77,31.3
Galle,144.09,0.54,82.36,116.1
Galle,95.59,1.59,86.82,88.2
Kandy,47.74,2.29,8.15,58.8
Kandy,130.92,0.52,127.69,118.0
Kandy,60.35,3.91,42.24,107.1
Colombo,10.25,1.65,87.84,63.1
Kandy,58.85,0.54,126.77,86.4
Galle,56.21,1.5,141.54,83.9
Galle,166.44,3.43,117.36,183.7
Galle,149.32,1.18,139.9,151.4
Colombo,136.54,1.75,79.99,135.0
Galle,130.73,2.14,11.54,113.4
Kandy,87.22,1.39,114.47,108.6
Kandy,133.38,2.54,128.83,147.6
Colombo,90.38,2.84,79.42,122.3
Colombo,83.94,3.65,123.07,152.4
Kandy,143.6,1.36,108.84,138.7
Kandy,66.41,3.73,120.95,120.5
Galle,128.26,3.23,39.64,108.1
Colombo,114.18,2.29,63.31,132.6
Galle,160.6,1.92,100.33,166.0
Colombo,173.16,3.58,109.28,202.9
Galle,171.35,1.05,113.19,154.9
Galle,123.87,1.08,90.08,113.9
Colombo,67.98,3.76,82.42,133.0
Kandy,173.29,2.09,111.42,150.8
Colombo,16.02,3.35,118.75,85.8
Kandy,92.0,0.63,76.93,89.5
Kandy,41.83,1.34,39.81,58.7
Kandy,164.07,2.59,116.53,169.9
Colombo,53.47,2.19,55.53,86.3
Colombo,54.98,1.16,129.03,87.3
Kandy,108.3,3.75,6.24,114.3
Galle,80.13,1.69,21.52,88.3
Kandy,178.56,0.98,50.07,147.8
Colombo,147.49,3.63,7.27,154.6
Galle,158.45,0.59,131.91,154.7
Kandy,168.25,0.4,77.66,141.3
Kandy,164.06,3.77,14.33,160.5
Galle,115.49,2.43,51.13,103.4
Kandy,27.31,0.46,90.44,50.1
Colombo,55.99,3.31,70.45,134.4
Galle,133.94,1.96,22.77,116.5
Galle,84.47,2.96,58.24,121.5
Kandy,126.71,2.82,107.07,144.4
Colombo,46.47,1.85,32.39,75.2
Galle,12.41,2.57,41.04,39.8
Colombo,139.89,1.38,40.12,129.4
Kandy,49.59,3.11,68.03,87.3
Kandy,115.82,3.26,11.49,111.1
Kandy,55.61,1.31,80.67,69.5
Galle,44.36,0.4,122.52,67.3
Colombo,9.15,0.41,65.61,42.8
Kandy,149.43,3.28,140.55,175.6
Kandy,114.63,3.2,145.51,159.7
Galle,99.21,2.3,142.56,125.6
Galle,50.26,1.43,14.29,52.2
Kandy,29.32,1.08,111.11,62.8
Colombo,66.23,2.86,58.34,95.5
Colombo,91.28,3.16,142.39,133.1
Galle,159.82,2.5,67.17,141.8
Galle,18.01,3.91,127.32,85.3
Colombo,82.21,2.89,61.04,102.2
Colombo,131.37,0.78,90.58,117.5
Colombo,159.74,1.94,60.52,159.7
Galle,110.74,3.53,52.08,114.7
Galle,65.85,3.52,34.24,81.9
Colombo,142.92,3.36,28.58,151.7
Galle,24.86,2.23,107.85,80.3
Galle,145.47,3.26,40.57,133.2
Galle,38.56,0.3,131.68,81.3
Galle,48.17,2.81,64.37,80.7
Colombo,36.2,3.95,108.69,116.9
Galle,98.6,3.52,137.31,138.5
Galle,17.34,2.36,109.36,57.4
Colombo,132.22,1.57,6.18,114.6
Galle,8.95,2.78,47.63,53.6
Galle,57.66,0.75,64.04,66.2
Colombo,109.41,0.44,106.75,100.1
Colombo,15.38,1.29,135.0,83.4
Kandy,97.33,2.12,139.03,131.8
Galle,112.82,1.56,147.71,136.2
Kandy,52.83,3.71,56.37,114.7
Colombo,55.86,1.26,47.97,68.4
Kandy,31.02,1.88,60.94,70.5
Galle,46.57,1.58,74.01,62.7
Colombo,83.49,2.54,26.22,111.6
Galle,67.12,0.38,102.61,71.2
Colombo,64.8,2.77,7.85,96.3
Colombo,83.16,1.88,42.51,106.1
Colombo,94.63,1.5,72.43,115.7
Kandy,34.52,1.33,91.11,58.1
Colombo,53.99,0.51,21.27,72.1
Kandy,6.36,3.04,20.42,54.5
Galle,56.81,2.87,29.55,58.3
Galle,105.07,2.38,35.42,104.9
Colombo,21.63,3.81,147.16,104.1
Colombo,71.14,1.91,17.84,72.8
Colombo,15.79,3.84,25.58,83.2
Kandy,127.19,2.53,32.41,137.1
Colombo,43.05,1.09,76.14,71.0
Galle,169.34,2.72,15.84,151.0
Kandy,178.05,3.8,16.35,163.7
Kandy,32.24,0.99,37.73,49.1
Kandy,140.53,0.23,91.01,115.7
Galle,41.82,1.23,119.05,63.3
Kandy,87.29,3.82,21.77,97.3
Galle,64.14,1.31,140.22,100.1
Kandy,93.75,3.17,132.85,125.2
Colombo,125.87,2.18,59.98,140.9
Kandy,152.57,2.01,50.15,124.0
Colombo,22.92,0.34,12.44,23.7
Kandy,32.6,1.08,27.71,38.5
Kandy,53.0,2.24,25.95,69.0
Kandy,84.63,3.09,100.67,125.0
Kandy,27.37,2.98,62.55,70.0
Kandy,16.27,0.31,32.17,18.4
Colombo,96.0,3.17,38.04,102.3
Galle,147.42,2.02,34.78,125.2
Kandy,155.36,1.92,63.61,143.8
Kandy,155.54,2.78,141.12,169.6
Colombo,166.25,1.75,45.42,153.8
Colombo,72.63,1.39,91.33,97.6
Kandy,45.87,3.98,143.7,123.0
Kandy,121.34,1.22,33.84,110.8
Galle,165.7,2.45,121.44,159.5
Kandy,21.36,2.08,28.52,57.4
Galle,141.92,2.17,90.53,133.7
Kandy,88.75,2.83,138.66,122.6
Galle,170.37,0.86,98.04,144.1
Kandy,157.32,1.5,92.04,153.8
Colombo,135.31,0.29,36.8,116.5
Galle,95.14,2.77,99.18,125.8
Kandy,74.68,2.36,142.47,116.9
Kandy,62.0,2.91,15.83,78.0
Kandy,148.48,2.26,70.33,133.8
Galle,6.76,1.17,20.86,19.9
Galle,73.84,3.4,66.9,94.7
Galle,98.1,3.26,118.21,134.8
Colombo,93.61,2.72,137.18,142.4
Colombo,156.39,2.05,25.43,139.8
Kandy,155.44,1.11,37.83,122.3
Colombo,133.43,0.39,96.22,94.9
Kandy,28.21,2.12,117.96,74.2
Colombo,105.67,0.61,71.35,99.5
Galle,135.93,1.93,118.53,144.3
Galle,94.26,2.53,62.33,119.1
Galle,6.64,0.23,128.52,34.8
Kandy,66.1,2.71,98.15,111.9
Colombo,168.24,1.45,20.44,151.0
Kandy,52.16,1.05,148.79,88.7
Colombo,105.72,3.71,26.3,127.5
Galle,12.82,3.05,43.73,62.8
Kandy,148.96,1.16,31.86,122.1
Kandy,99.07,3.98,62.87,146.6
Galle,23.65,3.63,10.98,60.6
Kandy,139.47,0.45,35.62,105.2
Colombo,8.5,1.09,80.02,74.8
Colombo,168.46,1.38,24.7,142.9
Colombo,142.35,0.88,23.97,122.1
Kandy,58.34,1.1,91.09,94.1
Kandy,98.38,0.54,125.1,111.3
Kandy,158.62,3.08,8.21,136.4
Kandy,68.77,1.48,97.27,97.7
Galle,91.45,3.19,73.98,125.7
Colombo,139.95,2.68,64.36,153.8
Galle,142.77,1.69,124.39,134.8
Galle,25.19,1.69,127.96,82.0
Kandy,12.6,3.63,81.5,65.4
Galle,151.74,3.8,131.06,157.7
Galle,32.11,3.41,80.63,83.7
Colombo,121.46,3.92,110.62,151.6
Galle,164.39,0.78,46.48,134.2
Kandy,129.63,2.36,29.92,121.4
Kandy,141.25,2.96,88.31,136.6
Kandy,103.47,3.86,36.5,118.6
Galle,145.68,0.82,47.91,125.6
Colombo,40.06,3.96,121.25,123.2
Colombo,130.61,2.75,125.48,163.0
Colombo,134.98,1.72,73.67,140.6
Kandy,173.61,3.65,96.43,178.9
Kandy,10.32,1.38,136.69,66.7
Colombo,31.22,1.13,142.44,76.3
Galle,163.84,1.29,83.77,139.9
Colombo,98.08,0.46,69.53,93.5
Galle,125.21,3.13,50.14,132.8
Kandy,5.55,1.28,20.75,32.3
Kandy,113.48,0.42,124.48,104.0
Colombo,55.64,1.09,52.98,79.5
Kandy,164.89,1.93,87.53,152.5
Kandy,48.98,0.75,55.67,66.5
Kandy,131.57,3.23,119.8,159.8
Kandy,68.43,2.98,91.96,111.0
Kandy,136.18,0.63,14.66,100.2
Kandy,89.94,3.34,142.84,132.2
Galle,26.74,2.36,101.44,79.5
Kandy,102.69,1.37,47.54,97.3
Kandy,18.94,2.38,142.44,90.8
Colombo,155.09,3.6,142.27,186.6
Colombo,48.79,2.78,112.69,109.1
Galle,138.52,3.06,133.48,156.9
Colombo,167.37,1.4,77.97,148.7
Kandy,110.72,3.02,140.77,144.0
Galle,133.81,0.69,137.27,130.3
Kandy,52.29,2.07,146.46,106.9
Kandy,161.64,2.67,54.99,148.2
Kandy,156.68,2.12,149.02,169.6
Colombo,44.36,2.28,115.79,87.2
Galle,9.45,2.61,134.45,80.3
Colombo,85.54,3.62,64.43,108.2
Colombo,37.85,3.3,137.64,131.1
Colombo,50.18,0.25,89.56,66.1
Colombo,47.57,3.52,112.72,110.6
Galle,161.46,3.75,122.07,166.1
Kandy,27.58,2.14,96.79,82.2
Galle,14.95,3.92,90.32,99.3
Galle,139.21,1.72,7.45,116.8
Colombo,77.93,3.05,37.92,103.4
Colombo,176.25,3.87,65.36,179.8
Galle,131.14,1.04,29.38,104.2
Colombo,76.4,0.92,74.96,93.2
Galle,50.71,2.1,51.34,69.2
Galle,54.85,0.19,95.63,58.3
Kandy,35.05,0.5,93.83,60.2
Galle,178.32,2.76,98.31,166.9
Galle,17.77,3.3,76.49,77.0
Galle,40.13,0.52,68.82,61.3
Colombo,11.9,0.16,22.29,36.5
Galle,10.57,1.93,139.07,84.7
Colombo,114.36,3.14,118.67,160.2
Colombo,160.52,1.04,45.63,135.7
Colombo,50.09,1.53,67.96,79.3
Colombo,112.82,1.95,61.79,112.9
Galle,10.89,2.73,63.67,68.6
Colombo,95.81,0.65,79.41,98.9
Kandy,79.27,3.46,83.61,115.4
Kandy,132.33,2.75,73.22,154.1
Colombo,70.79,2.6,76.75,106.2
Kandy,8.79,2.13,103.6,63.2
Colombo,167.62,2.9,115.58,174.2
Galle,109.64,0.93,128.41,108.3
Colombo,173.35,2.92,98.46,177.3
Galle,153.96,2.76,135.1,178.3
Kandy,163.61,3.16,95.26,171.4
Kandy,56.03,1.2,39.55,50.6
Colombo,50.57,0.17,84.11,76.0
Colombo,77.75,1.58,60.51,101.1
Galle,118.34,1.86,145.46,132.8
Colombo,7.96,1.52,44.69,44.0
Galle,88.22,1.34,43.67,90.2
Kandy,46.24,3.59,31.72,85.6
Galle,19.7,2.76,103.62,79.3
Kandy,20.48,3.82,138.59,102.1
Kandy,59.28,1.86,60.71,83.9
Colombo,91.93,0.26,89.72,95.3
Colombo,150.28,1.51,67.41,126.0
Colombo,136.04,2.7,148.76,156.1
Colombo,33.71,3.83,101.83,108.0
Galle,60.4,2.74,75.19,89.1
Galle,141.94,2.22,27.38,130.4
Galle,148.61,0.6,149.7,131.7
Kandy,129.86,0.11,11.75,76.7
Colombo,171.85,0.31,107.84,143.3
Galle,79.74,2.26,16.65,81.2
Colombo,49.32,3.83,9.15,103.8
Kandy,175.43,0.33,122.81,151.7
Kandy,129.61,2.36,17.91,104.0
Kandy,11.64,0.67,137.98,51.8
Kandy,103.99,0.65,107.2,92.4
Colombo,81.06,2.0,139.48,108.4
Colombo,125.62,0.52,124.06,151.5
Colombo,17.66,3.17,59.66,80.6
Kandy,109.9,0.32,117.73,101.0
Colombo,5.37,1.58,123.69,78.2
Colombo,68.88,3.63,77.97,106.0
Galle,27.96,2.41,96.78,78.1
Kandy,155.86,3.58,33.15,160.2
Kandy,29.98,1.31,87.52,63.4
Colombo,118.12,2.23,12.42,102.5
Kandy,63.28,1.66,66.38,70.9
Kandy,53.77,0.72,33.37,64.1
Kandy,74.2,3.29,87.34,115.3
Colombo,46.53,1.23,141.01,101.5
Colombo,127.11,0.42,65.65,102.2
Kandy,88.96,3.01,34.76,108.2
Kandy,152.08,1.36,126.61,143.8
Kandy,120.49,2.96,61.36,148.6
Kandy,84.79,1.44,105.59,107.3
Kandy,31.95,1.13,42.03,54.7
Colombo,123.49,1.96,149.1,148.5
Colombo,30.35,2.37,29.39,79.7
Galle,93.39,2.15,146.23,114.6
Colombo,23.07,0.3,68.23,34.4
Kandy,154.28,3.24,24.17,141.4
Colombo,62.18,2.05,143.99,126.6
Colombo,49.01,2.81,116.58,108.6
Kandy,29.7,0.2,120.52,63.0
Colombo,129.41,1.28,78.87,125.8
Galle,11.14,0.25,8.82,30.0
Colombo,98.07,0.34,116.15,111.9
Colombo,129.78,1.17,22.63,115.4
Kandy,34.25,2.82,118.14,82.2
Colombo,100.24,2.99,107.36,128.5
Galle,123.81,3.51,67.68,149.9
Galle,82.96,2.88,130.8,118.3
Kandy,135.97,3.06,143.2,163.1
Colombo,62.86,0.45,86.58,75.1
Colombo,148.42,3.32,14.63,143.3
Kandy,76.66,3.82,130.49,125.1
Kandy,41.97,1.59,83.82,64.6
Galle,136.25,2.09,20.2,116.1
Kandy,8.5,2.32,53.51,54.6
Colombo,128.39,3.42,67.94,155.7
Kandy,108.3,2.56,127.59,127.8
Colombo,52.52,1.85,99.66,82.8
Kandy,149.15,1.7,148.67,175.7
Colombo,88.5,0.73,51.55,79.1
Galle,145.47,0.64,117.63,119.3
Colombo,91.72,0.17,53.53,99.5
Kandy,111.67,0.46,73.72,94.4
Kandy,63.72,1.37,138.89,92.6
Galle,118.53,3.5,113.51,147.3
Galle,49.87,3.73,91.15,111.2
Colombo,167.59,3.51,24.51,160.1
Galle,24.21,2.33,8.45,41.1
Galle,119.38,3.37,81.15,138.3
Kandy,113.03,1.68,49.13,96.6
Kandy,68.7,3.84,69.37,119.2
Galle,34.38,1.74,75.33,71.9
Colombo,170.4,0.94,15.75,134.3
Colombo,110.0,0.81,83.44,120.8
Kandy,132.86,3.35,108.65,155.8
Colombo,78.97,2.64,42.56,118.8
Kandy,128.3,0.49,136.79,119.9
Galle,7.45,3.11,131.88,74.8
Galle,171.37,2.43,7.16,131.3
Colombo,81.9,1.26,71.11,94.0
Colombo,153.18,1.3,148.82,164.9
Colombo,146.66,3.87,74.29,163.5
Kandy,69.87,0.82,69.25,78.6
Galle,62.11,2.94,18.62,75.4
Kandy,102.13,1.22,141.33,125.5
Colombo,21.6,3.99,43.84,77.8
Kandy,33.97,2.95,81.05,84.4
Colombo,110.68,0.67,120.79,122.5
Colombo,41.74,3.13,75.53,91.2
Kandy,111.98,0.27,114.06,102.2
Colombo,119.88,0.17,125.62,120.9
Kandy,131.46,1.35,110.07,120.2
Colombo,136.68,0.22,46.08,106.2
Kandy,13.38,1.69,107.23,63.1
Colombo,49.14,1.12,98.64,95.0
Galle,40.4,0.93,5.84,41.7
Galle,146.11,0.74,69.16,103.0
Colombo,165.47,2.86,109.75,175.5
Kandy,115.7,1.01,135.14,123.5
Colombo,64.31,3.3,23.95,108.2
Colombo,39.33,2.72,41.6,72.9
Galle,169.91,3.95,17.84,172.9
Galle,70.17,3.13,91.41,117.6
Galle,49.83,1.09,142.59,89.3
Galle,32.28,2.92,109.69,80.0
Galle,172.06,0.6,106.13,145.1
Kandy,93.76,1.44,31.72,89.9
Kandy,12.66,2.31,62.74,63.3
Galle,88.17,3.43,73.35,114.2
Kandy,22.0,0.62,103.16,60.1
Kandy,169.12,0.31,77.64,144.1
Colombo,54.1,2.27,107.77,90.2
Galle,102.43,1.7,71.75,107.6
Kandy,20.02,3.88,10.61,63.2
Colombo,118.01,3.4,73.47,138.0
Colombo,100.16,0.49,140.16,122.7
Galle,81.27,2.27,63.75,100.4
Galle,14.71,1.21,123.79,48.5
Kandy,49.96,0.78,105.15,73.1
Colombo,57.98,2.03,24.14,90.0
Galle,59.67,2.11,90.37,93.6
Kandy,57.5,0.73,98.9,85.0
Colombo,152.38,1.0,5.83,110.8
Galle,49.43,2.52,82.66,90.2
Kandy,91.66,2.48,44.86,109.5
Kandy,6.76,1.98,65.09,64.7
Kandy,151.03,1.74,88.68,131.8
Galle,78.65,3.88,13.13,97.7
Kandy,39.67,0.2,7.94,48.3
Galle,174.05,3.66,142.63,198.1
Galle,15.17,3.72,37.27,62.3
Colombo,158.11,3.45,63.52,172.8
Kandy,76.35,3.34,100.85,130.8
Kandy,66.93,3.58,29.05,93.3
Kandy,164.75,0.46,109.64,137.3
Galle,48.16,2.71,112.32,86.3
Kandy,169.07,2.97,71.4,177.2
Colombo,103.2,1.27,63.03,113.0
Galle,42.42,0.25,11.24,39.3
Colombo,17.29,2.79,30.37,72.8
Colombo,157.32,1.5,139.37,153.8
Kandy,107.92,3.68,84.25,144.9
Galle,60.09,0.3,142.56,87.3
Galle,178.89,0.46,39.9,130.4
Kandy,173.04,1.09,131.87,159.7
Kandy,10.44,3.59,12.33,64.9
Colombo,89.78,1.9,87.14,112.6
Kandy,128.69,2.01,32.69,108.0
Galle,77.75,2.94,120.82,118.3
Galle,174.48,3.56,42.59,167.6
Colombo,129.67,1.54,108.39,137.4
Galle,34.47,3.09,113.67,87.6
Colombo,156.52,0.62,91.34,121.7
Colombo,70.15,0.52,41.48,62.4
Kandy,131.12,0.29,99.42,106.9
Colombo,51.84,3.66,58.4,98.7
Kandy,82.65,3.2,6.92,110.9
Colombo,148.35,3.98,52.78,167.6
Kandy,93.61,1.59,68.8,112.8
Galle,83.82,2.62,143.16,121.2
Colombo,133.53,1.94,35.65,131.9
Kandy,149.6,2.95,148.45,170.7
Kandy,17.59,0.28,56.19,50.1
Kandy,162.11,2.13,72.69,139.5
Colombo,10.32,1.79,87.58,77.6
Colombo,25.1,3.83,58.4,92.1
Colombo,115.99,0.17,109.76,111.3
Kandy,93.96,1.7,130.59,126.6
Galle,61.7,2.75,86.66,92.7
Galle,120.61,1.52,118.98,118.3
Kandy,169.85,0.94,116.87,133.5
Kandy,141.87,3.27,28.49,136.1
Galle,69.37,1.72,125.65,101.5
Colombo,13.33,3.84,15.42,71.7
Galle,61.83,3.36,115.46,114.4
Galle,44.46,0.35,95.76,43.7
Kandy,152.58,2.9,141.83,172.7
Colombo,110.04,3.91,98.11,153.7
Galle,61.95,0.88,96.9,61.2
Galle,20.87,2.7,46.09,70.7
Colombo,135.27,3.35,55.99,151.8
Kandy,104.58,2.98,118.63,131.4
Galle,94.68,2.52,123.82,122.8
Colombo,25.98,3.65,149.7,110.4
Kandy,120.7,0.27,126.31,111.9
Colombo,79.8,3.73,46.46,106.8
Colombo,75.25,3.08,137.7,118.7
Colombo,152.35,0.14,97.29,117.9
Kandy,57.22,2.66,126.03,102.0
Colombo,97.59,3.52,72.06,134.2
Galle,8.38,2.06,90.3,67.6
Colombo,140.33,1.95,55.92,127.0
Kandy,65.64,2.42,145.79,113.3
Galle,62.49,3.81,8.61,92.7
Galle,161.76,1.17,44.6,134.3
Galle,48.91,2.42,35.17,59.8
Colombo,40.78,3.74,43.35,87.3
Galle,156.69,1.8,11.41,124.8
Galle,138.97,0.37,26.37,104.6
Colombo,158.95,0.88,142.36,159.1
Kandy,13.29,2.49,37.71,54.8
Colombo,132.87,0.27,6.62,106.9
Colombo,151.0,1.3,64.47,130.9
Kandy,131.79,2.62,45.94,127.4
Colombo,172.0,0.65,107.73,127.9
Kandy,29.95,3.37,111.03,100.5
Galle,27.86,2.6,116.96,89.5
Galle,25.06,3.36,9.01,73.9
Galle,50.84,2.79,138.93,104.0
Kandy,59.71,0.8,129.58,68.7
Galle,165.45,3.42,78.95,172.1
Galle,171.53,3.79,26.01,165.0
Colombo,109.41,2.93,31.86,123.0
Galle,144.87,0.62,21.03,108.2
Galle,174.39,1.35,10.39,133.3
Galle,132.58,1.74,147.3,136.3
Colombo,29.34,0.95,88.78,65.4
Colombo,38.38,3.54,107.66,101.8
Kandy,39.89,1.76,114.55,94.5
Colombo,66.21,1.32,91.73,100.7
Kandy,178.23,1.69,6.59,140.6
Colombo,82.89,2.57,23.37,93.3
Kandy,125.4,1.36,84.1,119.3
Kandy,151.09,0.31,127.9,125.1
Kandy,38.58,2.37,78.37,71.6
Kandy,17.73,0.49,65.31,38.8
Galle,166.97,1.57,114.89,167.6
Kandy,49.94,1.84,105.74,88.7
Colombo,68.88,0.49,102.69,87.8
Colombo,176.4,1.91,123.54,172.7
Kandy,160.21,1.76,53.18,135.7
Galle,82.69,1.99,125.59,104.5
Colombo,78.06,3.06,62.02,109.6
Galle,9.37,1.66,147.96,73.6
Kandy,87.22,2.29,25.68,79.2
Colombo,53.88,3.73,104.08,122.9
Colombo,125.12,0.93,129.35,126.4
Colombo,177.9,3.16,88.39,186.3
Colombo,110.6,1.62,85.86,112.7
Galle,123.23,1.07,88.17,116.1
Colombo,131.51,2.79,145.38,160.7
Colombo,100.73,0.31,62.8,97.3
Kandy,85.26,2.82,149.64,131.7
Galle,100.12,3.38,133.09,122.6
Colombo,90.48,2.06,95.07,107.9
Kandy,114.85,1.57,25.45,88.8
Galle,168.76,1.67,107.76,164.6
Kandy,104.82,3.05,21.03,113.0
Galle,173.67,0.88,18.81,126.7
Colombo,73.77,3.42,136.41,131.5
Kandy,100.69,3.0,54.17,110.5
Kandy,89.22,1.86,66.47,99.5
Colombo,170.38,2.24,143.21,184.5
Colombo,86.17,3.07,81.06,117.3
Colombo,155.66,3.3,22.73,151.5
Galle,26.5,0.43,11.74,37.9
Galle,51.1,0.12,76.84,58.2
Kandy,96.09,2.92,58.12,112.1
Galle,163.26,0.6,142.45,131.7
Galle,24.07,1.08,134.71,71.3
Galle,134.48,2.09,40.41,127.8
Galle,123.77,1.94,135.47,133.3
Galle,56.51,3.5,120.56,102.3
Galle,50.09,3.7,23.74,85.7
Colombo,171.24,3.24,59.74,166.8
Kandy,27.49,0.44,126.57,70.8
Kandy,41.14,3.88,8.63,76.1
Kandy,74.72,2.83,47.54,107.2
Colombo,52.96,0.35,12.24,53.4
Kandy,54.28,0.4,26.04,64.8
Kandy,60.94,1.59,93.99,84.3
Colombo,26.47,3.31,78.17,108.8
Galle,132.28,1.15,19.52,94.1
Kandy,147.59,1.5,89.16,123.2
Galle,171.45,3.07,67.25,172.2
Galle,179.76,2.56,120.3,172.1
Colombo,12.63,1.29,105.89,52.9
Kandy,59.17,2.51,82.44,79.9
Colombo,19.06,3.56,33.76,70.8
Galle,86.18,0.33,110.74,96.1
Galle,83.21,2.96,30.12,103.6
Colombo,12.86,0.76,22.03,34.0
Galle,162.74,0.45,24.13,106.3
Galle,120.7,1.4,60.41,109.2
Kandy,17.21,1.1,33.54,40.1
Kandy,76.55,0.9,63.4,77.9
Galle,28.57,2.12,116.37,80.7
Galle,15.49,0.17,146.22,47.6
Colombo,38.69,3.01,23.42,82.6
Galle,58.69,1.95,70.16,76.5
Colombo,114.1,2.61,108.54,133.9
Galle,108.54,1.31,149.19,113.7
Colombo,33.4,3.58,13.78,84.2
Colombo,80.13,3.04,89.55,126.9
Colombo,93.88,3.26,126.67,142.3
Colombo,18.02,3.28,130.93,105.1
Galle,83.31,2.68,107.47,125.5
Kandy,46.91,0.96,148.09,85.3
Kandy,39.17,0.27,28.21,31.3
Colombo,103.28,2.89,110.58,135.0
Colombo,21.57,2.96,112.2,82.1
Colombo,148.19,0.12,148.84,148.1
Galle,107.79,1.85,115.06,122.3
Colombo,74.14,0.79,57.73,79.4
Galle,121.76,3.59,88.8,133.5
Galle,23.43,3.87,141.43,101.6
Galle,80.96,2.28,123.39,106.5
Galle,137.41,1.31,138.71,128.5
Kandy,107.66,3.65,32.33,121.9
Galle,47.59,3.52,33.86,86.4
Kandy,145.21,3.11,138.33,159.5
Galle,115.96,3.39,42.86,126.6
Kandy,108.89,3.56,102.25,146.5
Colombo,137.59,2.3,22.4,128.1
Kandy,67.44,3.19,114.93,112.3
Galle,132.16,2.84,108.87,148.0
Galle,87.98,1.92,9.82,78.4
Colombo,79.67,2.58,129.16,122.3
Kandy,127.5,0.12,73.34,120.4
Galle,123.07,0.32,22.97,81.9
Galle,144.25,1.04,71.78,143.8
Galle,26.28,0.35,146.36,54.6
Colombo,21.79,1.67,143.81,81.5
Kandy,167.15,2.45,34.46,144.6
Kandy,165.11,3.96,131.74,190.2
Galle,60.67,0.79,19.85,58.7
Colombo,157.41,0.12,8.05,100.2
Galle,135.09,3.28,104.48,149.9
Colombo,72.91,0.82,119.87,91.8
Kandy,165.28,1.18,32.24,128.0
Colombo,155.42,3.71,124.81,174.1
Colombo,32.37,2.77,7.86,62.4
Kandy,126.51,3.35,127.72,158.3
Galle,164.92,3.87,127.84,183.3
Galle,108.1,3.6,120.0,125.1
Colombo,82.67,1.06,103.48,113.9
Galle,72.75,2.53,27.93,84.7
Colombo,126.67,3.25,101.22,164.2
Galle,5.66,2.18,20.54,51.1
Kandy,131.69,1.71,7.77,95.5
Galle,22.58,0.71,144.2,66.1
Colombo,99.67,3.58,103.6,142.3
Colombo,140.39,2.16,139.56,168.4
Colombo,143.53,0.55,139.51,141.0
Kandy,160.04,3.41,35.55,148.5
Galle,164.24,3.67,52.7,162.3
Galle,105.96,3.43,146.27,140.9
Kandy,103.91,1.85,49.84,104.2
Galle,172.6,0.22,143.92,154.8
Kandy,102.51,0.91,95.41,98.7
Colombo,85.16,3.19,8.5,118.3
Colombo,177.07,3.25,28.19,173.0
Galle,117.16,2.14,135.38,135.4
Kandy,146.89,1.8,22.96,137.7
Kandy,105.61,0.93,35.21,89.6
Colombo,79.96,1.39,146.7,114.3
Kandy,116.47,3.89,14.9,116.3
Colombo,75.75,3.51,32.46,106.8
Kandy,82.22,2.72,9.69,103.0
Kandy,41.93,0.39,46.89,66.7
Galle,17.19,1.82,41.62,53.4
Galle,28.99,3.41,94.39,97.6
Galle,65.42,1.43,135.49,94.1
Kandy,50.85,3.92,120.6,112.2
Galle,125.22,1.23,128.2,130.7
Kandy,131.48,1.14,123.91,131.1
Colombo,46.38,1.45,114.17,98.2
Kandy,57.45,3.31,27.37,86.9
Galle,62.32,3.7,44.06,116.1
Colombo,52.98,0.54,21.54,52.8
Galle,45.21,0.24,121.66,58.8
Kandy,173.15,2.71,30.4,154.0
Colombo,84.3,0.71,143.84,115.8
Kandy,80.17,2.0,25.01,93.2
Galle,145.57,0.94,51.98,128.6
Kandy,31.95,1.57,96.09,70.9
Galle,48.14,3.23,93.75,82.4
Kandy,68.88,3.53,10.69,91.1
Colombo,121.27,2.76,10.51,120.6
Galle,53.64,3.57,84.75,120.9
Kandy,81.54,3.31,138.95,140.2
Colombo,80.91,2.41,38.84,106.0
Colombo,14.33,3.87,128.54,108.6
Galle,60.21,3.19,23.92,85.1
Colombo,16.96,0.15,135.24,46.2
Colombo,112.96,2.09,148.78,153.0
Galle,155.84,2.02,23.52,112.9
Galle,17.84,0.86,75.36,49.5
Galle,71.36,1.92,72.66,94.2
Colombo,112.61,3.91,21.14,131.1
Kandy,16.82,0.23,92.75,48.6
Kandy,178.61,0.5,12.68,142.7
Kandy,122.95,0.62,132.59,115.6
Galle,41.65,3.88,101.84,102.2
Colombo,42.21,1.56,6.13,51.9
Kandy,103.19,2.18,124.4,136.7
Colombo,76.93,3.08,19.47,98.2
Colombo,34.51,3.19,99.01,108.9
Kandy,166.71,0.4,139.85,139.8
Kandy,134.64,2.45,102.39,153.5
Galle,118.13,0.94,110.65,118.5
Kandy,56.18,0.42,6.66,37.6
Galle,75.73,2.54,133.94,114.1
Galle,21.74,1.59,141.91,87.9
